-- NeighborTrade Database Dump
-- Gerado em: 2025-04-25 16:07:35

SET FOREIGN_KEY_CHECKS=0;

-- Dados da tabela `anuncio`
TRUNCATE TABLE `anuncio`;
INSERT INTO `anuncio` (`ID_Anuncio`, `Titulo`, `Descricao`, `Preco`, `UtilizadorID_User`, `AprovacaoID_aprovacao`, `Tipo_ItemID_Tipo`, `CategoriaID_Categoria`, `Status_AnuncioID_Status_Anuncio`) VALUES ('1', 'teste', 'teste', '100.99', '2', '19', '1', '1', '3');
INSERT INTO `anuncio` (`ID_Anuncio`, `Titulo`, `Descricao`, `Preco`, `UtilizadorID_User`, `AprovacaoID_aprovacao`, `Tipo_ItemID_Tipo`, `CategoriaID_Categoria`, `Status_AnuncioID_Status_Anuncio`) VALUES ('2', 'teste2', 'teste', '100.00', '2', '20', '2', '2', '1');
INSERT INTO `anuncio` (`ID_Anuncio`, `Titulo`, `Descricao`, `Preco`, `UtilizadorID_User`, `AprovacaoID_aprovacao`, `Tipo_ItemID_Tipo`, `CategoriaID_Categoria`, `Status_AnuncioID_Status_Anuncio`) VALUES ('3', 'portatil', 'portátil como novo', '250.00', '2', '21', '1', '1', '3');
INSERT INTO `anuncio` (`ID_Anuncio`, `Titulo`, `Descricao`, `Preco`, `UtilizadorID_User`, `AprovacaoID_aprovacao`, `Tipo_ItemID_Tipo`, `CategoriaID_Categoria`, `Status_AnuncioID_Status_Anuncio`) VALUES ('4', 'bicicleta', 'como nova', '450.00', '2', '31', '1', '9', '4');
INSERT INTO `anuncio` (`ID_Anuncio`, `Titulo`, `Descricao`, `Preco`, `UtilizadorID_User`, `AprovacaoID_aprovacao`, `Tipo_ItemID_Tipo`, `CategoriaID_Categoria`, `Status_AnuncioID_Status_Anuncio`) VALUES ('5', 'rato logitech', 'como novo', '30.00', '2', '32', '1', '1', '3');
INSERT INTO `anuncio` (`ID_Anuncio`, `Titulo`, `Descricao`, `Preco`, `UtilizadorID_User`, `AprovacaoID_aprovacao`, `Tipo_ItemID_Tipo`, `CategoriaID_Categoria`, `Status_AnuncioID_Status_Anuncio`) VALUES ('6', 'bicicleta', 'como nova', '600.00', '2', '45', '1', '9', '1');
INSERT INTO `anuncio` (`ID_Anuncio`, `Titulo`, `Descricao`, `Preco`, `UtilizadorID_User`, `AprovacaoID_aprovacao`, `Tipo_ItemID_Tipo`, `CategoriaID_Categoria`, `Status_AnuncioID_Status_Anuncio`) VALUES ('7', 'airpods', 'usados duas vezes', '75.00', '2', '47', '1', '1', '3');
INSERT INTO `anuncio` (`ID_Anuncio`, `Titulo`, `Descricao`, `Preco`, `UtilizadorID_User`, `AprovacaoID_aprovacao`, `Tipo_ItemID_Tipo`, `CategoriaID_Categoria`, `Status_AnuncioID_Status_Anuncio`) VALUES ('8', 'apple watch', 'com algumas marcas de uso', '150.00', '2', '48', '1', '1', '3');
INSERT INTO `anuncio` (`ID_Anuncio`, `Titulo`, `Descricao`, `Preco`, `UtilizadorID_User`, `AprovacaoID_aprovacao`, `Tipo_ItemID_Tipo`, `CategoriaID_Categoria`, `Status_AnuncioID_Status_Anuncio`) VALUES ('9', 'Iphone 16 Pro', 'Novo. só de ir a missa.', '500.00', '11', '60', '1', '6', '1');
INSERT INTO `anuncio` (`ID_Anuncio`, `Titulo`, `Descricao`, `Preco`, `UtilizadorID_User`, `AprovacaoID_aprovacao`, `Tipo_ItemID_Tipo`, `CategoriaID_Categoria`, `Status_AnuncioID_Status_Anuncio`) VALUES ('10', 'Iphone 16 Pro', 'Novo', '500.00', '2', '61', '1', '7', '1');
INSERT INTO `anuncio` (`ID_Anuncio`, `Titulo`, `Descricao`, `Preco`, `UtilizadorID_User`, `AprovacaoID_aprovacao`, `Tipo_ItemID_Tipo`, `CategoriaID_Categoria`, `Status_AnuncioID_Status_Anuncio`) VALUES ('11', 'Crime do padre amaro', 'Usado', '100.00', '11', '62', '1', '4', '1');
INSERT INTO `anuncio` (`ID_Anuncio`, `Titulo`, `Descricao`, `Preco`, `UtilizadorID_User`, `AprovacaoID_aprovacao`, `Tipo_ItemID_Tipo`, `CategoriaID_Categoria`, `Status_AnuncioID_Status_Anuncio`) VALUES ('12', 'Hábitos atómicos', 'Usado', '15.00', '11', '63', '1', '4', '4');
INSERT INTO `anuncio` (`ID_Anuncio`, `Titulo`, `Descricao`, `Preco`, `UtilizadorID_User`, `AprovacaoID_aprovacao`, `Tipo_ItemID_Tipo`, `CategoriaID_Categoria`, `Status_AnuncioID_Status_Anuncio`) VALUES ('13', 'Habitos atómicos 2', '321', '100.00', '11', '64', '1', '4', '4');
INSERT INTO `anuncio` (`ID_Anuncio`, `Titulo`, `Descricao`, `Preco`, `UtilizadorID_User`, `AprovacaoID_aprovacao`, `Tipo_ItemID_Tipo`, `CategoriaID_Categoria`, `Status_AnuncioID_Status_Anuncio`) VALUES ('14', 'Movel de sala', 'asd', '100.00', '2', '65', '1', '2', '3');
INSERT INTO `anuncio` (`ID_Anuncio`, `Titulo`, `Descricao`, `Preco`, `UtilizadorID_User`, `AprovacaoID_aprovacao`, `Tipo_ItemID_Tipo`, `CategoriaID_Categoria`, `Status_AnuncioID_Status_Anuncio`) VALUES ('15', 'Canalizador profisisonal', '20€/h', '20.00', '1', '67', '2', '10', '3');
INSERT INTO `anuncio` (`ID_Anuncio`, `Titulo`, `Descricao`, `Preco`, `UtilizadorID_User`, `AprovacaoID_aprovacao`, `Tipo_ItemID_Tipo`, `CategoriaID_Categoria`, `Status_AnuncioID_Status_Anuncio`) VALUES ('16', 'Teste rejeição anúncio', 'Testing rejeição', '20.00', '1', '68', '2', '10', '4');
INSERT INTO `anuncio` (`ID_Anuncio`, `Titulo`, `Descricao`, `Preco`, `UtilizadorID_User`, `AprovacaoID_aprovacao`, `Tipo_ItemID_Tipo`, `CategoriaID_Categoria`, `Status_AnuncioID_Status_Anuncio`) VALUES ('17', 'Testing images', '111', '111.00', '1', '69', '1', '3', '4');

-- Dados da tabela `aprovacao`
TRUNCATE TABLE `aprovacao`;
INSERT INTO `aprovacao` (`ID_aprovacao`, `Comentario`, `motivo_rejeicao`, `Data_Submissao`, `Data_Aprovacao`, `UtilizadorID_Admin`, `Status_AprovacaoID_Status_Aprovacao`) VALUES ('1', 'Administrador do sistema', NULL, '2025-04-10 17:49:36', '2025-04-14 20:35:20', '1', '2');
INSERT INTO `aprovacao` (`ID_aprovacao`, `Comentario`, `motivo_rejeicao`, `Data_Submissao`, `Data_Aprovacao`, `UtilizadorID_Admin`, `Status_AprovacaoID_Status_Aprovacao`) VALUES ('2', 'Usuário de teste', NULL, '2025-04-10 17:49:36', '2025-04-14 20:35:24', '1', '2');
INSERT INTO `aprovacao` (`ID_aprovacao`, `Comentario`, `motivo_rejeicao`, `Data_Submissao`, `Data_Aprovacao`, `UtilizadorID_Admin`, `Status_AprovacaoID_Status_Aprovacao`) VALUES ('19', '', NULL, '2025-04-10 23:49:54', '2025-04-15 15:07:22', '1', '2');
INSERT INTO `aprovacao` (`ID_aprovacao`, `Comentario`, `motivo_rejeicao`, `Data_Submissao`, `Data_Aprovacao`, `UtilizadorID_Admin`, `Status_AprovacaoID_Status_Aprovacao`) VALUES ('20', '', NULL, '2025-04-11 00:19:45', '2025-04-15 15:05:20', '1', '2');
INSERT INTO `aprovacao` (`ID_aprovacao`, `Comentario`, `motivo_rejeicao`, `Data_Submissao`, `Data_Aprovacao`, `UtilizadorID_Admin`, `Status_AprovacaoID_Status_Aprovacao`) VALUES ('21', '', NULL, '2025-04-11 00:24:39', '2025-04-15 15:07:10', '1', '2');
INSERT INTO `aprovacao` (`ID_aprovacao`, `Comentario`, `motivo_rejeicao`, `Data_Submissao`, `Data_Aprovacao`, `UtilizadorID_Admin`, `Status_AprovacaoID_Status_Aprovacao`) VALUES ('22', NULL, NULL, NULL, '2025-04-14 20:35:27', '1', '2');
INSERT INTO `aprovacao` (`ID_aprovacao`, `Comentario`, `motivo_rejeicao`, `Data_Submissao`, `Data_Aprovacao`, `UtilizadorID_Admin`, `Status_AprovacaoID_Status_Aprovacao`) VALUES ('23', NULL, NULL, NULL, NULL, '1', '1');
INSERT INTO `aprovacao` (`ID_aprovacao`, `Comentario`, `motivo_rejeicao`, `Data_Submissao`, `Data_Aprovacao`, `UtilizadorID_Admin`, `Status_AprovacaoID_Status_Aprovacao`) VALUES ('24', 'Nao quero fêmeas aqui.', NULL, '2025-04-14 20:53:56', '2025-04-14 20:53:56', '1', '3');
INSERT INTO `aprovacao` (`ID_aprovacao`, `Comentario`, `motivo_rejeicao`, `Data_Submissao`, `Data_Aprovacao`, `UtilizadorID_Admin`, `Status_AprovacaoID_Status_Aprovacao`) VALUES ('25', NULL, NULL, NULL, '2025-04-14 21:16:03', '1', '2');
INSERT INTO `aprovacao` (`ID_aprovacao`, `Comentario`, `motivo_rejeicao`, `Data_Submissao`, `Data_Aprovacao`, `UtilizadorID_Admin`, `Status_AprovacaoID_Status_Aprovacao`) VALUES ('31', 'nao conforme', NULL, '2025-04-14 22:59:31', '2025-04-15 00:13:57', '1', '3');
INSERT INTO `aprovacao` (`ID_aprovacao`, `Comentario`, `motivo_rejeicao`, `Data_Submissao`, `Data_Aprovacao`, `UtilizadorID_Admin`, `Status_AprovacaoID_Status_Aprovacao`) VALUES ('32', NULL, NULL, '2025-04-14 23:14:15', '2025-04-15 15:07:19', '1', '2');
INSERT INTO `aprovacao` (`ID_aprovacao`, `Comentario`, `motivo_rejeicao`, `Data_Submissao`, `Data_Aprovacao`, `UtilizadorID_Admin`, `Status_AprovacaoID_Status_Aprovacao`) VALUES ('45', NULL, NULL, '2025-04-15 01:05:17', '2025-04-15 17:06:09', '1', '2');
INSERT INTO `aprovacao` (`ID_aprovacao`, `Comentario`, `motivo_rejeicao`, `Data_Submissao`, `Data_Aprovacao`, `UtilizadorID_Admin`, `Status_AprovacaoID_Status_Aprovacao`) VALUES ('47', 'teste', NULL, '2025-04-15 01:18:25', '2025-04-25 12:45:03', '1', '3');
INSERT INTO `aprovacao` (`ID_aprovacao`, `Comentario`, `motivo_rejeicao`, `Data_Submissao`, `Data_Aprovacao`, `UtilizadorID_Admin`, `Status_AprovacaoID_Status_Aprovacao`) VALUES ('48', NULL, NULL, '2025-04-15 01:59:14', '2025-04-25 12:41:54', '1', '3');
INSERT INTO `aprovacao` (`ID_aprovacao`, `Comentario`, `motivo_rejeicao`, `Data_Submissao`, `Data_Aprovacao`, `UtilizadorID_Admin`, `Status_AprovacaoID_Status_Aprovacao`) VALUES ('49', NULL, NULL, NULL, NULL, '1', '1');
INSERT INTO `aprovacao` (`ID_aprovacao`, `Comentario`, `motivo_rejeicao`, `Data_Submissao`, `Data_Aprovacao`, `UtilizadorID_Admin`, `Status_AprovacaoID_Status_Aprovacao`) VALUES ('50', NULL, NULL, NULL, '2025-04-15 18:57:28', '1', '2');
INSERT INTO `aprovacao` (`ID_aprovacao`, `Comentario`, `motivo_rejeicao`, `Data_Submissao`, `Data_Aprovacao`, `UtilizadorID_Admin`, `Status_AprovacaoID_Status_Aprovacao`) VALUES ('51', 'nao conforme', NULL, '2025-04-15 18:57:37', '2025-04-15 18:57:37', '1', '3');
INSERT INTO `aprovacao` (`ID_aprovacao`, `Comentario`, `motivo_rejeicao`, `Data_Submissao`, `Data_Aprovacao`, `UtilizadorID_Admin`, `Status_AprovacaoID_Status_Aprovacao`) VALUES ('54', NULL, NULL, '2025-04-19 14:29:51', NULL, '1', '1');
INSERT INTO `aprovacao` (`ID_aprovacao`, `Comentario`, `motivo_rejeicao`, `Data_Submissao`, `Data_Aprovacao`, `UtilizadorID_Admin`, `Status_AprovacaoID_Status_Aprovacao`) VALUES ('58', NULL, NULL, NULL, '2025-04-24 21:17:06', '1', '2');
INSERT INTO `aprovacao` (`ID_aprovacao`, `Comentario`, `motivo_rejeicao`, `Data_Submissao`, `Data_Aprovacao`, `UtilizadorID_Admin`, `Status_AprovacaoID_Status_Aprovacao`) VALUES ('59', NULL, NULL, NULL, '2025-04-24 21:19:47', '1', '2');
INSERT INTO `aprovacao` (`ID_aprovacao`, `Comentario`, `motivo_rejeicao`, `Data_Submissao`, `Data_Aprovacao`, `UtilizadorID_Admin`, `Status_AprovacaoID_Status_Aprovacao`) VALUES ('60', NULL, NULL, '2025-04-24 21:22:25', NULL, '1', '1');
INSERT INTO `aprovacao` (`ID_aprovacao`, `Comentario`, `motivo_rejeicao`, `Data_Submissao`, `Data_Aprovacao`, `UtilizadorID_Admin`, `Status_AprovacaoID_Status_Aprovacao`) VALUES ('61', NULL, NULL, '2025-04-24 21:29:39', '2025-04-24 21:30:59', '1', '2');
INSERT INTO `aprovacao` (`ID_aprovacao`, `Comentario`, `motivo_rejeicao`, `Data_Submissao`, `Data_Aprovacao`, `UtilizadorID_Admin`, `Status_AprovacaoID_Status_Aprovacao`) VALUES ('62', NULL, NULL, '2025-04-24 21:32:21', '2025-04-24 21:44:10', '1', '2');
INSERT INTO `aprovacao` (`ID_aprovacao`, `Comentario`, `motivo_rejeicao`, `Data_Submissao`, `Data_Aprovacao`, `UtilizadorID_Admin`, `Status_AprovacaoID_Status_Aprovacao`) VALUES ('63', NULL, NULL, '2025-04-24 21:45:15', NULL, '1', '1');
INSERT INTO `aprovacao` (`ID_aprovacao`, `Comentario`, `motivo_rejeicao`, `Data_Submissao`, `Data_Aprovacao`, `UtilizadorID_Admin`, `Status_AprovacaoID_Status_Aprovacao`) VALUES ('64', NULL, NULL, '2025-04-24 22:18:11', NULL, '1', '1');
INSERT INTO `aprovacao` (`ID_aprovacao`, `Comentario`, `motivo_rejeicao`, `Data_Submissao`, `Data_Aprovacao`, `UtilizadorID_Admin`, `Status_AprovacaoID_Status_Aprovacao`) VALUES ('65', NULL, NULL, '2025-04-24 23:22:01', '2025-04-24 23:22:31', '1', '2');
INSERT INTO `aprovacao` (`ID_aprovacao`, `Comentario`, `motivo_rejeicao`, `Data_Submissao`, `Data_Aprovacao`, `UtilizadorID_Admin`, `Status_AprovacaoID_Status_Aprovacao`) VALUES ('66', 'asd', NULL, '2025-04-25 01:32:09', '2025-04-25 01:32:09', '1', '3');
INSERT INTO `aprovacao` (`ID_aprovacao`, `Comentario`, `motivo_rejeicao`, `Data_Submissao`, `Data_Aprovacao`, `UtilizadorID_Admin`, `Status_AprovacaoID_Status_Aprovacao`) VALUES ('67', NULL, NULL, '2025-04-25 12:21:01', '2025-04-25 12:43:20', '1', '3');
INSERT INTO `aprovacao` (`ID_aprovacao`, `Comentario`, `motivo_rejeicao`, `Data_Submissao`, `Data_Aprovacao`, `UtilizadorID_Admin`, `Status_AprovacaoID_Status_Aprovacao`) VALUES ('68', NULL, NULL, '2025-04-25 12:42:47', NULL, '1', '1');
INSERT INTO `aprovacao` (`ID_aprovacao`, `Comentario`, `motivo_rejeicao`, `Data_Submissao`, `Data_Aprovacao`, `UtilizadorID_Admin`, `Status_AprovacaoID_Status_Aprovacao`) VALUES ('69', NULL, NULL, '2025-04-25 12:48:13', NULL, '1', '1');

-- Dados da tabela `cartao`
TRUNCATE TABLE `cartao`;
INSERT INTO `cartao` (`ID_Cartao`, `Numero`, `CVC`, `Data`) VALUES ('2', '2147483647', '0', '2025-04-30');
INSERT INTO `cartao` (`ID_Cartao`, `Numero`, `CVC`, `Data`) VALUES ('3', '2147483647', '111', '2025-05-01');
INSERT INTO `cartao` (`ID_Cartao`, `Numero`, `CVC`, `Data`) VALUES ('4', '2147483647', '0', '2025-05-14');
INSERT INTO `cartao` (`ID_Cartao`, `Numero`, `CVC`, `Data`) VALUES ('5', '2147483647', '111', '2025-05-01');
INSERT INTO `cartao` (`ID_Cartao`, `Numero`, `CVC`, `Data`) VALUES ('6', '5555555555555555', '555', '2025-11-13');
INSERT INTO `cartao` (`ID_Cartao`, `Numero`, `CVC`, `Data`) VALUES ('7', '2222222222222222', '222', '2026-02-14');

-- Dados da tabela `categoria`
TRUNCATE TABLE `categoria`;
INSERT INTO `categoria` (`ID_Categoria`, `Descricao_Categoria`) VALUES ('1', 'Informática');
INSERT INTO `categoria` (`ID_Categoria`, `Descricao_Categoria`) VALUES ('2', 'Móveis');
INSERT INTO `categoria` (`ID_Categoria`, `Descricao_Categoria`) VALUES ('3', 'Roupas');
INSERT INTO `categoria` (`ID_Categoria`, `Descricao_Categoria`) VALUES ('4', 'Livros');
INSERT INTO `categoria` (`ID_Categoria`, `Descricao_Categoria`) VALUES ('5', 'Brinquedos');
INSERT INTO `categoria` (`ID_Categoria`, `Descricao_Categoria`) VALUES ('6', 'Ferramentas');
INSERT INTO `categoria` (`ID_Categoria`, `Descricao_Categoria`) VALUES ('7', 'Veículos');
INSERT INTO `categoria` (`ID_Categoria`, `Descricao_Categoria`) VALUES ('8', 'Imóveis');
INSERT INTO `categoria` (`ID_Categoria`, `Descricao_Categoria`) VALUES ('9', 'Desporto');
INSERT INTO `categoria` (`ID_Categoria`, `Descricao_Categoria`) VALUES ('10', 'Outros');

-- Dados da tabela `compra`
TRUNCATE TABLE `compra`;
INSERT INTO `compra` (`ID_Compra`, `Data`, `UtilizadorID_User`, `AnuncioID_Anuncio`) VALUES ('3', '2025-04-16 23:44:27', '3', '5');
INSERT INTO `compra` (`ID_Compra`, `Data`, `UtilizadorID_User`, `AnuncioID_Anuncio`) VALUES ('8', '2025-04-18 15:01:43', '3', '3');
INSERT INTO `compra` (`ID_Compra`, `Data`, `UtilizadorID_User`, `AnuncioID_Anuncio`) VALUES ('9', '2025-04-25 01:28:38', '11', '1');
INSERT INTO `compra` (`ID_Compra`, `Data`, `UtilizadorID_User`, `AnuncioID_Anuncio`) VALUES ('10', '2025-04-25 12:23:34', '11', '14');

-- Dados da tabela `compra_reclamacao`
TRUNCATE TABLE `compra_reclamacao`;
INSERT INTO `compra_reclamacao` (`CompraID_Compra`, `ReclamacaoID_Reclamacao`) VALUES ('8', '3');

-- Dados da tabela `imagem`
TRUNCATE TABLE `imagem`;
INSERT INTO `imagem` (`ID_Imagem`, `Caminho`) VALUES ('1', 'public/perfil/default.png');
INSERT INTO `imagem` (`ID_Imagem`, `Caminho`) VALUES ('2', 'anuncios/1744330785_0_transferir.jpeg');
INSERT INTO `imagem` (`ID_Imagem`, `Caminho`) VALUES ('3', 'anuncios/1744331079_0_transferir.jpeg');
INSERT INTO `imagem` (`ID_Imagem`, `Caminho`) VALUES ('4', 'comprovativos/pdfs/user_3_20250414201839.pdf');
INSERT INTO `imagem` (`ID_Imagem`, `Caminho`) VALUES ('5', 'comprovativos/pdfs/user_4_20250414203244.pdf');
INSERT INTO `imagem` (`ID_Imagem`, `Caminho`) VALUES ('6', 'comprovativos/pdfs/user_5_20250414205617.pdf');
INSERT INTO `imagem` (`ID_Imagem`, `Caminho`) VALUES ('7', 'anuncios/4/67fd9354951ec_0.jpg');
INSERT INTO `imagem` (`ID_Imagem`, `Caminho`) VALUES ('8', 'anuncios/4/67fd93549764c_1.jpg');
INSERT INTO `imagem` (`ID_Imagem`, `Caminho`) VALUES ('9', 'anuncios/4/67fd935498f0f_2.jpg');
INSERT INTO `imagem` (`ID_Imagem`, `Caminho`) VALUES ('10', 'anuncios/4/67fd93549aad7_3.jpg');
INSERT INTO `imagem` (`ID_Imagem`, `Caminho`) VALUES ('11', 'anuncios/5/67fd96c783272_0.jpeg');
INSERT INTO `imagem` (`ID_Imagem`, `Caminho`) VALUES ('12', 'anuncios/6/67fdb0ceb98a2_0.jpg');
INSERT INTO `imagem` (`ID_Imagem`, `Caminho`) VALUES ('13', 'anuncios/6/67fdb0cec4813_1.jpg');
INSERT INTO `imagem` (`ID_Imagem`, `Caminho`) VALUES ('14', 'anuncios/6/67fdb0cec58f7_2.jpg');
INSERT INTO `imagem` (`ID_Imagem`, `Caminho`) VALUES ('15', 'anuncios/6/67fdb0cec72ba_3.jpg');
INSERT INTO `imagem` (`ID_Imagem`, `Caminho`) VALUES ('16', 'anuncios/7/67fdb3e200bfc_0.jpeg');
INSERT INTO `imagem` (`ID_Imagem`, `Caminho`) VALUES ('17', 'anuncios/8/67fdbd72e3749_0.jpeg');
INSERT INTO `imagem` (`ID_Imagem`, `Caminho`) VALUES ('18', 'comprovativos/pdfs/user_6_20250415160606.pdf');
INSERT INTO `imagem` (`ID_Imagem`, `Caminho`) VALUES ('19', 'comprovativos/pdfs/user_7_20250415185650.pdf');
INSERT INTO `imagem` (`ID_Imagem`, `Caminho`) VALUES ('23', 'comprovativos/imagens/user_8_20250424211441.jpg');
INSERT INTO `imagem` (`ID_Imagem`, `Caminho`) VALUES ('24', 'comprovativos/imagens/user_12_20250424211904.jpg');
INSERT INTO `imagem` (`ID_Imagem`, `Caminho`) VALUES ('25', 'anuncios/9/680aab91a7160_0.jpg');
INSERT INTO `imagem` (`ID_Imagem`, `Caminho`) VALUES ('26', 'anuncios/10/680aad43cc1df_0.jpg');
INSERT INTO `imagem` (`ID_Imagem`, `Caminho`) VALUES ('27', 'anuncios/11/680aade5a7bdc_0.jpg');
INSERT INTO `imagem` (`ID_Imagem`, `Caminho`) VALUES ('28', 'anuncios/13/680ab8a452f93_0.jpg');
INSERT INTO `imagem` (`ID_Imagem`, `Caminho`) VALUES ('29', 'anuncios/14/680ac79982821_0.jpeg');
INSERT INTO `imagem` (`ID_Imagem`, `Caminho`) VALUES ('30', 'anuncios/15/680b7e2e5b627_0.jpg');
INSERT INTO `imagem` (`ID_Imagem`, `Caminho`) VALUES ('31', 'anuncios/16/680b83471942d_0.jpg');
INSERT INTO `imagem` (`ID_Imagem`, `Caminho`) VALUES ('32', 'anuncios/17/680b848d919bd_0.jpg');
INSERT INTO `imagem` (`ID_Imagem`, `Caminho`) VALUES ('37', 'anuncios/13/1745587428_0.jpeg');

-- Dados da tabela `item_imagem`
TRUNCATE TABLE `item_imagem`;
INSERT INTO `item_imagem` (`ItemID_Item`, `ImagemID_Imagem`) VALUES ('2', '2');
INSERT INTO `item_imagem` (`ItemID_Item`, `ImagemID_Imagem`) VALUES ('3', '3');
INSERT INTO `item_imagem` (`ItemID_Item`, `ImagemID_Imagem`) VALUES ('4', '7');
INSERT INTO `item_imagem` (`ItemID_Item`, `ImagemID_Imagem`) VALUES ('4', '8');
INSERT INTO `item_imagem` (`ItemID_Item`, `ImagemID_Imagem`) VALUES ('4', '9');
INSERT INTO `item_imagem` (`ItemID_Item`, `ImagemID_Imagem`) VALUES ('4', '10');
INSERT INTO `item_imagem` (`ItemID_Item`, `ImagemID_Imagem`) VALUES ('5', '11');
INSERT INTO `item_imagem` (`ItemID_Item`, `ImagemID_Imagem`) VALUES ('6', '12');
INSERT INTO `item_imagem` (`ItemID_Item`, `ImagemID_Imagem`) VALUES ('6', '13');
INSERT INTO `item_imagem` (`ItemID_Item`, `ImagemID_Imagem`) VALUES ('6', '14');
INSERT INTO `item_imagem` (`ItemID_Item`, `ImagemID_Imagem`) VALUES ('6', '15');
INSERT INTO `item_imagem` (`ItemID_Item`, `ImagemID_Imagem`) VALUES ('7', '16');
INSERT INTO `item_imagem` (`ItemID_Item`, `ImagemID_Imagem`) VALUES ('8', '17');
INSERT INTO `item_imagem` (`ItemID_Item`, `ImagemID_Imagem`) VALUES ('9', '25');
INSERT INTO `item_imagem` (`ItemID_Item`, `ImagemID_Imagem`) VALUES ('10', '26');
INSERT INTO `item_imagem` (`ItemID_Item`, `ImagemID_Imagem`) VALUES ('11', '27');
INSERT INTO `item_imagem` (`ItemID_Item`, `ImagemID_Imagem`) VALUES ('13', '28');
INSERT INTO `item_imagem` (`ItemID_Item`, `ImagemID_Imagem`) VALUES ('13', '37');
INSERT INTO `item_imagem` (`ItemID_Item`, `ImagemID_Imagem`) VALUES ('14', '29');
INSERT INTO `item_imagem` (`ItemID_Item`, `ImagemID_Imagem`) VALUES ('15', '30');
INSERT INTO `item_imagem` (`ItemID_Item`, `ImagemID_Imagem`) VALUES ('16', '31');
INSERT INTO `item_imagem` (`ItemID_Item`, `ImagemID_Imagem`) VALUES ('17', '32');

-- Dados da tabela `jobs`
TRUNCATE TABLE `jobs`;
INSERT INTO `jobs` (`id`, `queue`, `payload`, `attempts`, `reserved_at`, `available_at`, `created_at`) VALUES ('1', 'default', '{\"uuid\":\"a52caa2c-af71-4407-863a-99cd3a4048b5\",\"displayName\":\"App\\\\Events\\\\MensagemEnviada\",\"job\":\"Illuminate\\\\Queue\\\\CallQueuedHandler@call\",\"maxTries\":null,\"maxExceptions\":null,\"failOnTimeout\":false,\"backoff\":null,\"timeout\":null,\"retryUntil\":null,\"data\":{\"commandName\":\"Illuminate\\\\Broadcasting\\\\BroadcastEvent\",\"command\":\"O:38:\\\"Illuminate\\\\Broadcasting\\\\BroadcastEvent\\\":14:{s:5:\\\"event\\\";O:26:\\\"App\\\\Events\\\\MensagemEnviada\\\":1:{s:8:\\\"mensagem\\\";O:45:\\\"Illuminate\\\\Contracts\\\\Database\\\\ModelIdentifier\\\":5:{s:5:\\\"class\\\";s:19:\\\"App\\\\Models\\\\Mensagem\\\";s:2:\\\"id\\\";i:5;s:9:\\\"relations\\\";a:0:{}s:10:\\\"connection\\\";s:5:\\\"mysql\\\";s:15:\\\"collectionClass\\\";N;}}s:5:\\\"tries\\\";N;s:7:\\\"timeout\\\";N;s:7:\\\"backoff\\\";N;s:13:\\\"maxExceptions\\\";N;s:10:\\\"connection\\\";N;s:5:\\\"queue\\\";N;s:5:\\\"delay\\\";N;s:11:\\\"afterCommit\\\";N;s:10:\\\"middleware\\\";a:0:{}s:7:\\\"chained\\\";a:0:{}s:15:\\\"chainConnection\\\";N;s:10:\\\"chainQueue\\\";N;s:19:\\\"chainCatchCallbacks\\\";N;}\"}}', '0', NULL, '1744839725', '1744839725');
INSERT INTO `jobs` (`id`, `queue`, `payload`, `attempts`, `reserved_at`, `available_at`, `created_at`) VALUES ('2', 'default', '{\"uuid\":\"ef909682-7233-4ee4-a80c-f6795499380f\",\"displayName\":\"App\\\\Events\\\\MensagemEnviada\",\"job\":\"Illuminate\\\\Queue\\\\CallQueuedHandler@call\",\"maxTries\":null,\"maxExceptions\":null,\"failOnTimeout\":false,\"backoff\":null,\"timeout\":null,\"retryUntil\":null,\"data\":{\"commandName\":\"Illuminate\\\\Broadcasting\\\\BroadcastEvent\",\"command\":\"O:38:\\\"Illuminate\\\\Broadcasting\\\\BroadcastEvent\\\":14:{s:5:\\\"event\\\";O:26:\\\"App\\\\Events\\\\MensagemEnviada\\\":1:{s:8:\\\"mensagem\\\";O:45:\\\"Illuminate\\\\Contracts\\\\Database\\\\ModelIdentifier\\\":5:{s:5:\\\"class\\\";s:19:\\\"App\\\\Models\\\\Mensagem\\\";s:2:\\\"id\\\";i:6;s:9:\\\"relations\\\";a:0:{}s:10:\\\"connection\\\";s:5:\\\"mysql\\\";s:15:\\\"collectionClass\\\";N;}}s:5:\\\"tries\\\";N;s:7:\\\"timeout\\\";N;s:7:\\\"backoff\\\";N;s:13:\\\"maxExceptions\\\";N;s:10:\\\"connection\\\";N;s:5:\\\"queue\\\";N;s:5:\\\"delay\\\";N;s:11:\\\"afterCommit\\\";N;s:10:\\\"middleware\\\";a:0:{}s:7:\\\"chained\\\";a:0:{}s:15:\\\"chainConnection\\\";N;s:10:\\\"chainQueue\\\";N;s:19:\\\"chainCatchCallbacks\\\";N;}\"}}', '0', NULL, '1744839727', '1744839727');
INSERT INTO `jobs` (`id`, `queue`, `payload`, `attempts`, `reserved_at`, `available_at`, `created_at`) VALUES ('3', 'default', '{\"uuid\":\"1d584687-f8ef-48e4-9b2e-e246683e6a2c\",\"displayName\":\"App\\\\Events\\\\MensagemEnviada\",\"job\":\"Illuminate\\\\Queue\\\\CallQueuedHandler@call\",\"maxTries\":null,\"maxExceptions\":null,\"failOnTimeout\":false,\"backoff\":null,\"timeout\":null,\"retryUntil\":null,\"data\":{\"commandName\":\"Illuminate\\\\Broadcasting\\\\BroadcastEvent\",\"command\":\"O:38:\\\"Illuminate\\\\Broadcasting\\\\BroadcastEvent\\\":14:{s:5:\\\"event\\\";O:26:\\\"App\\\\Events\\\\MensagemEnviada\\\":1:{s:8:\\\"mensagem\\\";O:45:\\\"Illuminate\\\\Contracts\\\\Database\\\\ModelIdentifier\\\":5:{s:5:\\\"class\\\";s:19:\\\"App\\\\Models\\\\Mensagem\\\";s:2:\\\"id\\\";i:7;s:9:\\\"relations\\\";a:0:{}s:10:\\\"connection\\\";s:5:\\\"mysql\\\";s:15:\\\"collectionClass\\\";N;}}s:5:\\\"tries\\\";N;s:7:\\\"timeout\\\";N;s:7:\\\"backoff\\\";N;s:13:\\\"maxExceptions\\\";N;s:10:\\\"connection\\\";N;s:5:\\\"queue\\\";N;s:5:\\\"delay\\\";N;s:11:\\\"afterCommit\\\";N;s:10:\\\"middleware\\\";a:0:{}s:7:\\\"chained\\\";a:0:{}s:15:\\\"chainConnection\\\";N;s:10:\\\"chainQueue\\\";N;s:19:\\\"chainCatchCallbacks\\\";N;}\"}}', '0', NULL, '1744839963', '1744839963');
INSERT INTO `jobs` (`id`, `queue`, `payload`, `attempts`, `reserved_at`, `available_at`, `created_at`) VALUES ('4', 'default', '{\"uuid\":\"633188b2-e7e1-4fad-87bd-dd9015f6ef3d\",\"displayName\":\"App\\\\Events\\\\MensagemEnviada\",\"job\":\"Illuminate\\\\Queue\\\\CallQueuedHandler@call\",\"maxTries\":null,\"maxExceptions\":null,\"failOnTimeout\":false,\"backoff\":null,\"timeout\":null,\"retryUntil\":null,\"data\":{\"commandName\":\"Illuminate\\\\Broadcasting\\\\BroadcastEvent\",\"command\":\"O:38:\\\"Illuminate\\\\Broadcasting\\\\BroadcastEvent\\\":14:{s:5:\\\"event\\\";O:26:\\\"App\\\\Events\\\\MensagemEnviada\\\":1:{s:8:\\\"mensagem\\\";O:45:\\\"Illuminate\\\\Contracts\\\\Database\\\\ModelIdentifier\\\":5:{s:5:\\\"class\\\";s:19:\\\"App\\\\Models\\\\Mensagem\\\";s:2:\\\"id\\\";i:8;s:9:\\\"relations\\\";a:0:{}s:10:\\\"connection\\\";s:5:\\\"mysql\\\";s:15:\\\"collectionClass\\\";N;}}s:5:\\\"tries\\\";N;s:7:\\\"timeout\\\";N;s:7:\\\"backoff\\\";N;s:13:\\\"maxExceptions\\\";N;s:10:\\\"connection\\\";N;s:5:\\\"queue\\\";N;s:5:\\\"delay\\\";N;s:11:\\\"afterCommit\\\";N;s:10:\\\"middleware\\\";a:0:{}s:7:\\\"chained\\\";a:0:{}s:15:\\\"chainConnection\\\";N;s:10:\\\"chainQueue\\\";N;s:19:\\\"chainCatchCallbacks\\\";N;}\"}}', '0', NULL, '1744841063', '1744841063');
INSERT INTO `jobs` (`id`, `queue`, `payload`, `attempts`, `reserved_at`, `available_at`, `created_at`) VALUES ('5', 'default', '{\"uuid\":\"6d081007-dd0c-434e-96aa-606c06252fa4\",\"displayName\":\"App\\\\Events\\\\MensagemEnviada\",\"job\":\"Illuminate\\\\Queue\\\\CallQueuedHandler@call\",\"maxTries\":null,\"maxExceptions\":null,\"failOnTimeout\":false,\"backoff\":null,\"timeout\":null,\"retryUntil\":null,\"data\":{\"commandName\":\"Illuminate\\\\Broadcasting\\\\BroadcastEvent\",\"command\":\"O:38:\\\"Illuminate\\\\Broadcasting\\\\BroadcastEvent\\\":14:{s:5:\\\"event\\\";O:26:\\\"App\\\\Events\\\\MensagemEnviada\\\":1:{s:8:\\\"mensagem\\\";O:45:\\\"Illuminate\\\\Contracts\\\\Database\\\\ModelIdentifier\\\":5:{s:5:\\\"class\\\";s:19:\\\"App\\\\Models\\\\Mensagem\\\";s:2:\\\"id\\\";i:9;s:9:\\\"relations\\\";a:0:{}s:10:\\\"connection\\\";s:5:\\\"mysql\\\";s:15:\\\"collectionClass\\\";N;}}s:5:\\\"tries\\\";N;s:7:\\\"timeout\\\";N;s:7:\\\"backoff\\\";N;s:13:\\\"maxExceptions\\\";N;s:10:\\\"connection\\\";N;s:5:\\\"queue\\\";N;s:5:\\\"delay\\\";N;s:11:\\\"afterCommit\\\";N;s:10:\\\"middleware\\\";a:0:{}s:7:\\\"chained\\\";a:0:{}s:15:\\\"chainConnection\\\";N;s:10:\\\"chainQueue\\\";N;s:19:\\\"chainCatchCallbacks\\\";N;}\"}}', '0', NULL, '1744841222', '1744841222');
INSERT INTO `jobs` (`id`, `queue`, `payload`, `attempts`, `reserved_at`, `available_at`, `created_at`) VALUES ('6', 'default', '{\"uuid\":\"e4f87899-d46d-4605-bf81-08a0d85f90a4\",\"displayName\":\"App\\\\Events\\\\MensagemEnviada\",\"job\":\"Illuminate\\\\Queue\\\\CallQueuedHandler@call\",\"maxTries\":null,\"maxExceptions\":null,\"failOnTimeout\":false,\"backoff\":null,\"timeout\":null,\"retryUntil\":null,\"data\":{\"commandName\":\"Illuminate\\\\Broadcasting\\\\BroadcastEvent\",\"command\":\"O:38:\\\"Illuminate\\\\Broadcasting\\\\BroadcastEvent\\\":14:{s:5:\\\"event\\\";O:26:\\\"App\\\\Events\\\\MensagemEnviada\\\":1:{s:8:\\\"mensagem\\\";O:45:\\\"Illuminate\\\\Contracts\\\\Database\\\\ModelIdentifier\\\":5:{s:5:\\\"class\\\";s:19:\\\"App\\\\Models\\\\Mensagem\\\";s:2:\\\"id\\\";i:10;s:9:\\\"relations\\\";a:0:{}s:10:\\\"connection\\\";s:5:\\\"mysql\\\";s:15:\\\"collectionClass\\\";N;}}s:5:\\\"tries\\\";N;s:7:\\\"timeout\\\";N;s:7:\\\"backoff\\\";N;s:13:\\\"maxExceptions\\\";N;s:10:\\\"connection\\\";N;s:5:\\\"queue\\\";N;s:5:\\\"delay\\\";N;s:11:\\\"afterCommit\\\";N;s:10:\\\"middleware\\\";a:0:{}s:7:\\\"chained\\\";a:0:{}s:15:\\\"chainConnection\\\";N;s:10:\\\"chainQueue\\\";N;s:19:\\\"chainCatchCallbacks\\\";N;}\"}}', '0', NULL, '1744841447', '1744841447');
INSERT INTO `jobs` (`id`, `queue`, `payload`, `attempts`, `reserved_at`, `available_at`, `created_at`) VALUES ('7', 'default', '{\"uuid\":\"4d6de967-bf8b-45ca-b242-0b6e1e57ed4d\",\"displayName\":\"App\\\\Events\\\\MensagemEnviada\",\"job\":\"Illuminate\\\\Queue\\\\CallQueuedHandler@call\",\"maxTries\":null,\"maxExceptions\":null,\"failOnTimeout\":false,\"backoff\":null,\"timeout\":null,\"retryUntil\":null,\"data\":{\"commandName\":\"Illuminate\\\\Broadcasting\\\\BroadcastEvent\",\"command\":\"O:38:\\\"Illuminate\\\\Broadcasting\\\\BroadcastEvent\\\":14:{s:5:\\\"event\\\";O:26:\\\"App\\\\Events\\\\MensagemEnviada\\\":1:{s:8:\\\"mensagem\\\";O:45:\\\"Illuminate\\\\Contracts\\\\Database\\\\ModelIdentifier\\\":5:{s:5:\\\"class\\\";s:19:\\\"App\\\\Models\\\\Mensagem\\\";s:2:\\\"id\\\";i:11;s:9:\\\"relations\\\";a:0:{}s:10:\\\"connection\\\";s:5:\\\"mysql\\\";s:15:\\\"collectionClass\\\";N;}}s:5:\\\"tries\\\";N;s:7:\\\"timeout\\\";N;s:7:\\\"backoff\\\";N;s:13:\\\"maxExceptions\\\";N;s:10:\\\"connection\\\";N;s:5:\\\"queue\\\";N;s:5:\\\"delay\\\";N;s:11:\\\"afterCommit\\\";N;s:10:\\\"middleware\\\";a:0:{}s:7:\\\"chained\\\";a:0:{}s:15:\\\"chainConnection\\\";N;s:10:\\\"chainQueue\\\";N;s:19:\\\"chainCatchCallbacks\\\";N;}\"}}', '0', NULL, '1744841836', '1744841836');
INSERT INTO `jobs` (`id`, `queue`, `payload`, `attempts`, `reserved_at`, `available_at`, `created_at`) VALUES ('8', 'default', '{\"uuid\":\"3d54ac98-89ec-4910-8149-572becdd07a5\",\"displayName\":\"App\\\\Events\\\\MensagemEnviada\",\"job\":\"Illuminate\\\\Queue\\\\CallQueuedHandler@call\",\"maxTries\":null,\"maxExceptions\":null,\"failOnTimeout\":false,\"backoff\":null,\"timeout\":null,\"retryUntil\":null,\"data\":{\"commandName\":\"Illuminate\\\\Broadcasting\\\\BroadcastEvent\",\"command\":\"O:38:\\\"Illuminate\\\\Broadcasting\\\\BroadcastEvent\\\":14:{s:5:\\\"event\\\";O:26:\\\"App\\\\Events\\\\MensagemEnviada\\\":1:{s:8:\\\"mensagem\\\";O:45:\\\"Illuminate\\\\Contracts\\\\Database\\\\ModelIdentifier\\\":5:{s:5:\\\"class\\\";s:19:\\\"App\\\\Models\\\\Mensagem\\\";s:2:\\\"id\\\";i:12;s:9:\\\"relations\\\";a:0:{}s:10:\\\"connection\\\";s:5:\\\"mysql\\\";s:15:\\\"collectionClass\\\";N;}}s:5:\\\"tries\\\";N;s:7:\\\"timeout\\\";N;s:7:\\\"backoff\\\";N;s:13:\\\"maxExceptions\\\";N;s:10:\\\"connection\\\";N;s:5:\\\"queue\\\";N;s:5:\\\"delay\\\";N;s:11:\\\"afterCommit\\\";N;s:10:\\\"middleware\\\";a:0:{}s:7:\\\"chained\\\";a:0:{}s:15:\\\"chainConnection\\\";N;s:10:\\\"chainQueue\\\";N;s:19:\\\"chainCatchCallbacks\\\";N;}\"}}', '0', NULL, '1744841938', '1744841938');

-- Dados da tabela `mensagem`
TRUNCATE TABLE `mensagem`;
INSERT INTO `mensagem` (`ID_Mensagem`, `Conteudo`, `Data_mensagem`, `ItemID_Item`, `Status_MensagemID_Status_Mensagem`) VALUES ('8', 'disponivel?', '2025-04-16 22:04:22', '5', '2');
INSERT INTO `mensagem` (`ID_Mensagem`, `Conteudo`, `Data_mensagem`, `ItemID_Item`, `Status_MensagemID_Status_Mensagem`) VALUES ('9', '25 euros', '2025-04-16 22:07:02', '5', '2');
INSERT INTO `mensagem` (`ID_Mensagem`, `Conteudo`, `Data_mensagem`, `ItemID_Item`, `Status_MensagemID_Status_Mensagem`) VALUES ('10', 'disponivel?', '2025-04-16 22:10:47', '5', '2');
INSERT INTO `mensagem` (`ID_Mensagem`, `Conteudo`, `Data_mensagem`, `ItemID_Item`, `Status_MensagemID_Status_Mensagem`) VALUES ('11', 'nao', '2025-04-16 22:17:16', '5', '2');
INSERT INTO `mensagem` (`ID_Mensagem`, `Conteudo`, `Data_mensagem`, `ItemID_Item`, `Status_MensagemID_Status_Mensagem`) VALUES ('12', 'mas  posso vender por 20 euros', '2025-04-16 22:18:58', '5', '2');

-- Dados da tabela `mensagem_utilizador`
TRUNCATE TABLE `mensagem_utilizador`;
INSERT INTO `mensagem_utilizador` (`MensagemID_Mensagem`, `UtilizadorID_User`) VALUES ('8', '3');
INSERT INTO `mensagem_utilizador` (`MensagemID_Mensagem`, `UtilizadorID_User`) VALUES ('9', '3');
INSERT INTO `mensagem_utilizador` (`MensagemID_Mensagem`, `UtilizadorID_User`) VALUES ('10', '3');
INSERT INTO `mensagem_utilizador` (`MensagemID_Mensagem`, `UtilizadorID_User`) VALUES ('11', '2');
INSERT INTO `mensagem_utilizador` (`MensagemID_Mensagem`, `UtilizadorID_User`) VALUES ('12', '2');

-- Dados da tabela `migrations`
TRUNCATE TABLE `migrations`;
INSERT INTO `migrations` (`id`, `migration`, `batch`) VALUES ('1', '2024_04_16_alter_cartao_numero_type', '1');
INSERT INTO `migrations` (`id`, `migration`, `batch`) VALUES ('2', '2025_04_24_223800_add_motivo_rejeicao_to_aprovacao_table', '2');

-- Dados da tabela `morada`
TRUNCATE TABLE `morada`;
INSERT INTO `morada` (`ID_Morada`, `Rua`) VALUES ('1', 'Rua de Exemplo, 123');
INSERT INTO `morada` (`ID_Morada`, `Rua`) VALUES ('2', 'Rua das Flores, nº 123');
INSERT INTO `morada` (`ID_Morada`, `Rua`) VALUES ('3', 'Avenida Central, nº 456');
INSERT INTO `morada` (`ID_Morada`, `Rua`) VALUES ('4', 'Travessa do Comércio, nº 789');
INSERT INTO `morada` (`ID_Morada`, `Rua`) VALUES ('5', 'Rua do Sol, nº 101');
INSERT INTO `morada` (`ID_Morada`, `Rua`) VALUES ('6', 'Avenida dos Pioneiros, nº 55');
INSERT INTO `morada` (`ID_Morada`, `Rua`) VALUES ('7', 'Rua da Esperança, nº 99');
INSERT INTO `morada` (`ID_Morada`, `Rua`) VALUES ('8', 'Rua do Mercado, nº 12');
INSERT INTO `morada` (`ID_Morada`, `Rua`) VALUES ('9', 'Rua Bela Vista, nº 222');
INSERT INTO `morada` (`ID_Morada`, `Rua`) VALUES ('10', 'Avenida das Amoreiras, nº 80');
INSERT INTO `morada` (`ID_Morada`, `Rua`) VALUES ('11', 'Rua do Pinhal, nº 35');
INSERT INTO `morada` (`ID_Morada`, `Rua`) VALUES ('12', 'Rua São Jorge, nº 61');
INSERT INTO `morada` (`ID_Morada`, `Rua`) VALUES ('13', 'Travessa da Liberdade, nº 7');
INSERT INTO `morada` (`ID_Morada`, `Rua`) VALUES ('14', 'Avenida das Laranjeiras, nº 300');
INSERT INTO `morada` (`ID_Morada`, `Rua`) VALUES ('15', 'Rua da Juventude, nº 44');
INSERT INTO `morada` (`ID_Morada`, `Rua`) VALUES ('16', 'Rua das Oliveiras, nº 88');
INSERT INTO `morada` (`ID_Morada`, `Rua`) VALUES ('17', 'Rua Padre António Vieira, nº 19');
INSERT INTO `morada` (`ID_Morada`, `Rua`) VALUES ('18', 'Rua do Carmo, nº 250');
INSERT INTO `morada` (`ID_Morada`, `Rua`) VALUES ('19', 'Avenida Atlântica, nº 321');
INSERT INTO `morada` (`ID_Morada`, `Rua`) VALUES ('20', 'Travessa dos Navegantes, nº 5');
INSERT INTO `morada` (`ID_Morada`, `Rua`) VALUES ('21', 'Rua João XXI, nº 65');
INSERT INTO `morada` (`ID_Morada`, `Rua`) VALUES ('22', 'Rua Nova da Estação, nº 110');
INSERT INTO `morada` (`ID_Morada`, `Rua`) VALUES ('23', 'Rua da Paz, nº 18');
INSERT INTO `morada` (`ID_Morada`, `Rua`) VALUES ('24', 'Avenida Beira-Mar, nº 70');
INSERT INTO `morada` (`ID_Morada`, `Rua`) VALUES ('25', 'Rua das Pedras, nº 140');
INSERT INTO `morada` (`ID_Morada`, `Rua`) VALUES ('26', 'Travessa São Francisco, nº 30');
INSERT INTO `morada` (`ID_Morada`, `Rua`) VALUES ('27', 'Rua do Ferro Velho, nº 3');
INSERT INTO `morada` (`ID_Morada`, `Rua`) VALUES ('28', 'Rua dos Lavradores, nº 20');
INSERT INTO `morada` (`ID_Morada`, `Rua`) VALUES ('29', 'Avenida dos Descobrimentos, nº 400');
INSERT INTO `morada` (`ID_Morada`, `Rua`) VALUES ('30', 'Rua Dom Afonso Henriques, nº 77');
INSERT INTO `morada` (`ID_Morada`, `Rua`) VALUES ('31', 'Rua 1º de Maio, nº 88');
INSERT INTO `morada` (`ID_Morada`, `Rua`) VALUES ('32', 'Rua do Campo Alegre, nº 212');

-- Dados da tabela `nota`
TRUNCATE TABLE `nota`;
INSERT INTO `nota` (`ID_Nota`, `Descricao_nota`) VALUES ('1', '1 Estrela');
INSERT INTO `nota` (`ID_Nota`, `Descricao_nota`) VALUES ('2', '2 Estrelas');
INSERT INTO `nota` (`ID_Nota`, `Descricao_nota`) VALUES ('3', '3 Estrelas');
INSERT INTO `nota` (`ID_Nota`, `Descricao_nota`) VALUES ('4', '4 Estrelas');
INSERT INTO `nota` (`ID_Nota`, `Descricao_nota`) VALUES ('5', '5 Estrelas');

-- Dados da tabela `notificacao`
TRUNCATE TABLE `notificacao`;
INSERT INTO `notificacao` (`ID_Notificacao`, `Mensagem`, `DataNotificacao`, `ReferenciaID`, `UtilizadorID_User`, `ReferenciaTipoID_ReferenciaTipo`, `TIpo_notificacaoID_TipoNotificacao`) VALUES ('3', 'Nova reclamação recebida para sua venda', '2025-04-19 14:29:51', '3', '2', '4', '5');
INSERT INTO `notificacao` (`ID_Notificacao`, `Mensagem`, `DataNotificacao`, `ReferenciaID`, `UtilizadorID_User`, `ReferenciaTipoID_ReferenciaTipo`, `TIpo_notificacaoID_TipoNotificacao`) VALUES ('4', 'Nova reclamação necessita de moderação', '2025-04-19 14:29:51', '3', '1', '4', '5');
INSERT INTO `notificacao` (`ID_Notificacao`, `Mensagem`, `DataNotificacao`, `ReferenciaID`, `UtilizadorID_User`, `ReferenciaTipoID_ReferenciaTipo`, `TIpo_notificacaoID_TipoNotificacao`) VALUES ('8', 'Novo pedido de registo pendente: VM', '2025-04-24 21:14:41', '11', '1', '1', '1');
INSERT INTO `notificacao` (`ID_Notificacao`, `Mensagem`, `DataNotificacao`, `ReferenciaID`, `UtilizadorID_User`, `ReferenciaTipoID_ReferenciaTipo`, `TIpo_notificacaoID_TipoNotificacao`) VALUES ('9', 'Novo pedido de registo pendente: Bug', '2025-04-24 21:19:04', '12', '1', '1', '1');
INSERT INTO `notificacao` (`ID_Notificacao`, `Mensagem`, `DataNotificacao`, `ReferenciaID`, `UtilizadorID_User`, `ReferenciaTipoID_ReferenciaTipo`, `TIpo_notificacaoID_TipoNotificacao`) VALUES ('10', 'Nova solicitação de compra para o anúncio: teste', '2025-04-25 01:28:38', '9', '2', '6', '8');
INSERT INTO `notificacao` (`ID_Notificacao`, `Mensagem`, `DataNotificacao`, `ReferenciaID`, `UtilizadorID_User`, `ReferenciaTipoID_ReferenciaTipo`, `TIpo_notificacaoID_TipoNotificacao`) VALUES ('11', 'Nova solicitação de compra para o anúncio: Movel de sala', '2025-04-25 12:23:34', '10', '2', '6', '8');

-- Dados da tabela `pagamento`
TRUNCATE TABLE `pagamento`;
INSERT INTO `pagamento` (`ID_Pagamento`, `Valor`, `Data`, `CompraID_Compra`) VALUES ('1', '25000', '2025-04-18', '8');
INSERT INTO `pagamento` (`ID_Pagamento`, `Valor`, `Data`, `CompraID_Compra`) VALUES ('2', '10099', '2025-04-25', '9');
INSERT INTO `pagamento` (`ID_Pagamento`, `Valor`, `Data`, `CompraID_Compra`) VALUES ('3', '10000', '2025-04-25', '10');

-- Dados da tabela `personal_access_tokens`
TRUNCATE TABLE `personal_access_tokens`;
INSERT INTO `personal_access_tokens` (`id`, `tokenable_type`, `tokenable_id`, `name`, `token`, `abilities`, `last_used_at`, `expires_at`, `created_at`, `updated_at`) VALUES ('1', 'App\\Models\\Utilizador', '1', 'auth-token', 'bbb9f12a54845688425b8f4eb67643b5e2565abf776ef169761b06c1da0b711d', '[\"*\"]', NULL, NULL, '2025-04-10 21:32:11', '2025-04-10 21:32:11');
INSERT INTO `personal_access_tokens` (`id`, `tokenable_type`, `tokenable_id`, `name`, `token`, `abilities`, `last_used_at`, `expires_at`, `created_at`, `updated_at`) VALUES ('2', 'App\\Models\\Utilizador', '1', 'auth-token', '27c1cf58ca49c8486b3fe57912bdd75910a5a342b71bd85212b6f6d3a9764fce', '[\"*\"]', NULL, NULL, '2025-04-10 21:33:37', '2025-04-10 21:33:37');
INSERT INTO `personal_access_tokens` (`id`, `tokenable_type`, `tokenable_id`, `name`, `token`, `abilities`, `last_used_at`, `expires_at`, `created_at`, `updated_at`) VALUES ('3', 'App\\Models\\Utilizador', '1', 'auth-token', '333db854dacc9c78c41462688b9d5e9edc4d575499b7d654616338cea1878b23', '[\"*\"]', NULL, NULL, '2025-04-10 21:57:56', '2025-04-10 21:57:56');
INSERT INTO `personal_access_tokens` (`id`, `tokenable_type`, `tokenable_id`, `name`, `token`, `abilities`, `last_used_at`, `expires_at`, `created_at`, `updated_at`) VALUES ('4', 'App\\Models\\Utilizador', '1', 'auth-token', '7844cfc8e411b74b4b8996c112d631a1a7693ecd48b57d299cf2096ce9045486', '[\"*\"]', NULL, NULL, '2025-04-10 22:00:32', '2025-04-10 22:00:32');
INSERT INTO `personal_access_tokens` (`id`, `tokenable_type`, `tokenable_id`, `name`, `token`, `abilities`, `last_used_at`, `expires_at`, `created_at`, `updated_at`) VALUES ('5', 'App\\Models\\Utilizador', '1', 'auth-token', '44f61d8822445e7799a8b57c77f278bcc3da9e6e9403275543f0c2abbd487395', '[\"*\"]', '2025-04-10 22:01:04', NULL, '2025-04-10 22:01:03', '2025-04-10 22:01:04');
INSERT INTO `personal_access_tokens` (`id`, `tokenable_type`, `tokenable_id`, `name`, `token`, `abilities`, `last_used_at`, `expires_at`, `created_at`, `updated_at`) VALUES ('6', 'App\\Models\\Utilizador', '2', 'auth-token', '8859078cd6c1cca5831cac22254ed94b061c9c4427c70241d0519c19d1e158b4', '[\"*\"]', '2025-04-10 22:45:21', NULL, '2025-04-10 22:02:07', '2025-04-10 22:45:21');
INSERT INTO `personal_access_tokens` (`id`, `tokenable_type`, `tokenable_id`, `name`, `token`, `abilities`, `last_used_at`, `expires_at`, `created_at`, `updated_at`) VALUES ('7', 'App\\Models\\Utilizador', '2', 'auth-token', 'cfbf794a551068d4f414a921aa39ab471724ea13fb1b0fae7693f5f52b9b9db7', '[\"*\"]', '2025-04-10 23:40:52', NULL, '2025-04-10 22:46:03', '2025-04-10 23:40:52');
INSERT INTO `personal_access_tokens` (`id`, `tokenable_type`, `tokenable_id`, `name`, `token`, `abilities`, `last_used_at`, `expires_at`, `created_at`, `updated_at`) VALUES ('8', 'App\\Models\\Utilizador', '1', 'auth-token', '470f296d346f253d94e2ecfdac158105f33aa1a00c5a36be80d0e15c83f9a630', '[\"*\"]', '2025-04-10 23:44:33', NULL, '2025-04-10 23:41:27', '2025-04-10 23:44:33');
INSERT INTO `personal_access_tokens` (`id`, `tokenable_type`, `tokenable_id`, `name`, `token`, `abilities`, `last_used_at`, `expires_at`, `created_at`, `updated_at`) VALUES ('9', 'App\\Models\\Utilizador', '2', 'auth-token', 'e138998f036a27c953091f54211676df0d43dc2385588ded735e5fb7bdbfc9c3', '[\"*\"]', NULL, NULL, '2025-04-10 23:44:54', '2025-04-10 23:44:54');
INSERT INTO `personal_access_tokens` (`id`, `tokenable_type`, `tokenable_id`, `name`, `token`, `abilities`, `last_used_at`, `expires_at`, `created_at`, `updated_at`) VALUES ('10', 'App\\Models\\Utilizador', '2', 'auth-token', '23bd49bb402bc457c7d4354a75ad5765abf52105629207afdb22ffdb07dc1415', '[\"*\"]', '2025-04-10 23:57:33', NULL, '2025-04-10 23:46:08', '2025-04-10 23:57:33');
INSERT INTO `personal_access_tokens` (`id`, `tokenable_type`, `tokenable_id`, `name`, `token`, `abilities`, `last_used_at`, `expires_at`, `created_at`, `updated_at`) VALUES ('11', 'App\\Models\\Utilizador', '2', 'auth-token', 'a3f8235edffc969bba8b6c439d8bb609e06139e24be5d9f78860112e67dd0a97', '[\"*\"]', '2025-04-11 00:01:08', NULL, '2025-04-10 23:49:36', '2025-04-11 00:01:08');
INSERT INTO `personal_access_tokens` (`id`, `tokenable_type`, `tokenable_id`, `name`, `token`, `abilities`, `last_used_at`, `expires_at`, `created_at`, `updated_at`) VALUES ('12', 'App\\Models\\Utilizador', '1', 'auth-token', '38950e289e767cb57fd4969682ae6a9f9f20dd9ab7365ef5cf0b5cf7eb330730', '[\"*\"]', NULL, NULL, '2025-04-10 23:58:13', '2025-04-10 23:58:13');
INSERT INTO `personal_access_tokens` (`id`, `tokenable_type`, `tokenable_id`, `name`, `token`, `abilities`, `last_used_at`, `expires_at`, `created_at`, `updated_at`) VALUES ('13', 'App\\Models\\Utilizador', '1', 'auth-token', '6856533b2109c38f26ffbb9316ace3a8d9bb75a1360c29587183ff2d385a72fb', '[\"*\"]', '2025-04-11 00:05:40', NULL, '2025-04-10 23:58:32', '2025-04-11 00:05:40');
INSERT INTO `personal_access_tokens` (`id`, `tokenable_type`, `tokenable_id`, `name`, `token`, `abilities`, `last_used_at`, `expires_at`, `created_at`, `updated_at`) VALUES ('14', 'App\\Models\\Utilizador', '1', 'auth-token', '12c89d458b7cace497cad8a781237cec3232fdd619efec656ed54ca6645ca1fd', '[\"*\"]', '2025-04-11 00:01:24', NULL, '2025-04-11 00:01:23', '2025-04-11 00:01:24');
INSERT INTO `personal_access_tokens` (`id`, `tokenable_type`, `tokenable_id`, `name`, `token`, `abilities`, `last_used_at`, `expires_at`, `created_at`, `updated_at`) VALUES ('15', 'App\\Models\\Utilizador', '1', 'auth-token', '8e660e64e7b55cb3effeb8d61fa08cdbe1ca32365cd151436664c90b712c9673', '[\"*\"]', '2025-04-11 00:06:35', NULL, '2025-04-11 00:05:58', '2025-04-11 00:06:35');
INSERT INTO `personal_access_tokens` (`id`, `tokenable_type`, `tokenable_id`, `name`, `token`, `abilities`, `last_used_at`, `expires_at`, `created_at`, `updated_at`) VALUES ('16', 'App\\Models\\Utilizador', '2', 'auth-token', '78b7ec6497f10f1600c8c5b50729b5b82b19c6e99408540acb0066ca140fbd8d', '[\"*\"]', '2025-04-11 00:06:55', NULL, '2025-04-11 00:06:54', '2025-04-11 00:06:55');
INSERT INTO `personal_access_tokens` (`id`, `tokenable_type`, `tokenable_id`, `name`, `token`, `abilities`, `last_used_at`, `expires_at`, `created_at`, `updated_at`) VALUES ('17', 'App\\Models\\Utilizador', '1', 'auth-token', 'd934ebee24b10966af3be27efc2c3a48999b8898f95d71c8c6682ef8e3b719c2', '[\"*\"]', NULL, NULL, '2025-04-11 00:07:49', '2025-04-11 00:07:49');
INSERT INTO `personal_access_tokens` (`id`, `tokenable_type`, `tokenable_id`, `name`, `token`, `abilities`, `last_used_at`, `expires_at`, `created_at`, `updated_at`) VALUES ('18', 'App\\Models\\Utilizador', '2', 'auth-token', 'df0a5c3336d0a755a6281ed2d14729122befe2bb022379f809840c537ea8c040', '[\"*\"]', '2025-04-11 00:19:51', NULL, '2025-04-11 00:16:14', '2025-04-11 00:19:51');
INSERT INTO `personal_access_tokens` (`id`, `tokenable_type`, `tokenable_id`, `name`, `token`, `abilities`, `last_used_at`, `expires_at`, `created_at`, `updated_at`) VALUES ('19', 'App\\Models\\Utilizador', '1', 'auth-token', '85ba7a01dc29332dfeb0eb56cf34db4cd8fe15836dad651cd749055bfe2eac64', '[\"*\"]', '2025-04-11 00:20:51', NULL, '2025-04-11 00:20:08', '2025-04-11 00:20:51');
INSERT INTO `personal_access_tokens` (`id`, `tokenable_type`, `tokenable_id`, `name`, `token`, `abilities`, `last_used_at`, `expires_at`, `created_at`, `updated_at`) VALUES ('20', 'App\\Models\\Utilizador', '2', 'auth-token', '7c84ca4ee8fa99e8e832b274d77b23600fa1b46ee526deda51d5b807e258d499', '[\"*\"]', '2025-04-11 00:21:18', NULL, '2025-04-11 00:21:03', '2025-04-11 00:21:18');
INSERT INTO `personal_access_tokens` (`id`, `tokenable_type`, `tokenable_id`, `name`, `token`, `abilities`, `last_used_at`, `expires_at`, `created_at`, `updated_at`) VALUES ('21', 'App\\Models\\Utilizador', '2', 'auth-token', 'a88cac8cbae18fc5855ff0403785baf08f38465a8cb8c5041bce7904ff329ff9', '[\"*\"]', '2025-04-11 00:22:22', NULL, '2025-04-11 00:22:21', '2025-04-11 00:22:22');
INSERT INTO `personal_access_tokens` (`id`, `tokenable_type`, `tokenable_id`, `name`, `token`, `abilities`, `last_used_at`, `expires_at`, `created_at`, `updated_at`) VALUES ('22', 'App\\Models\\Utilizador', '2', 'auth-token', '3d1894582146f7f0628a7d0a05988384d63429d02128e57888a318187cfda5cd', '[\"*\"]', NULL, NULL, '2025-04-11 00:23:42', '2025-04-11 00:23:42');
INSERT INTO `personal_access_tokens` (`id`, `tokenable_type`, `tokenable_id`, `name`, `token`, `abilities`, `last_used_at`, `expires_at`, `created_at`, `updated_at`) VALUES ('23', 'App\\Models\\Utilizador', '2', 'auth-token', '7ebc2e287cefa7b1d7e416ad467e59ab4756757a21c7ed4b61ff2a1abed0b830', '[\"*\"]', '2025-04-11 00:24:39', NULL, '2025-04-11 00:23:57', '2025-04-11 00:24:39');
INSERT INTO `personal_access_tokens` (`id`, `tokenable_type`, `tokenable_id`, `name`, `token`, `abilities`, `last_used_at`, `expires_at`, `created_at`, `updated_at`) VALUES ('24', 'App\\Models\\Utilizador', '1', 'auth-token', 'deff5ad86deb124abcb725f8b8d79d250be789a129233c4a89c517d336f831d1', '[\"*\"]', '2025-04-11 00:26:27', NULL, '2025-04-11 00:25:19', '2025-04-11 00:26:27');
INSERT INTO `personal_access_tokens` (`id`, `tokenable_type`, `tokenable_id`, `name`, `token`, `abilities`, `last_used_at`, `expires_at`, `created_at`, `updated_at`) VALUES ('25', 'App\\Models\\Utilizador', '2', 'auth-token', '304c2db781914b5f925b6222e92633977af1eec2dc9ab9d016c115d8c98a0168', '[\"*\"]', '2025-04-11 00:44:22', NULL, '2025-04-11 00:26:37', '2025-04-11 00:44:22');
INSERT INTO `personal_access_tokens` (`id`, `tokenable_type`, `tokenable_id`, `name`, `token`, `abilities`, `last_used_at`, `expires_at`, `created_at`, `updated_at`) VALUES ('26', 'App\\Models\\Utilizador', '2', 'auth-token', 'a61e12774ecad1d00c5ef7893ce759e2b11bcc3bd2e951c9e8b28e17eef3fc5d', '[\"*\"]', '2025-04-11 00:32:59', NULL, '2025-04-11 00:32:14', '2025-04-11 00:32:59');
INSERT INTO `personal_access_tokens` (`id`, `tokenable_type`, `tokenable_id`, `name`, `token`, `abilities`, `last_used_at`, `expires_at`, `created_at`, `updated_at`) VALUES ('27', 'App\\Models\\Utilizador', '2', 'auth-token', '2ea02497f98290f7b663b1e45c51a1eaf839cf978368af4214d62f6e75ebc10b', '[\"*\"]', NULL, NULL, '2025-04-11 00:44:41', '2025-04-11 00:44:41');
INSERT INTO `personal_access_tokens` (`id`, `tokenable_type`, `tokenable_id`, `name`, `token`, `abilities`, `last_used_at`, `expires_at`, `created_at`, `updated_at`) VALUES ('28', 'App\\Models\\Utilizador', '2', 'auth-token', 'cc3e37b4f8089ebaf4e8b1d83e499f908841ada36978617886d5609b35e4cbb5', '[\"*\"]', '2025-04-11 00:44:54', NULL, '2025-04-11 00:44:53', '2025-04-11 00:44:54');
INSERT INTO `personal_access_tokens` (`id`, `tokenable_type`, `tokenable_id`, `name`, `token`, `abilities`, `last_used_at`, `expires_at`, `created_at`, `updated_at`) VALUES ('29', 'App\\Models\\Utilizador', '2', 'auth-token', '8a219b18867d4605bbe5eafa4ac26d0d86208472fb842ec4c613f3934ec75b1b', '[\"*\"]', NULL, NULL, '2025-04-11 00:47:30', '2025-04-11 00:47:30');
INSERT INTO `personal_access_tokens` (`id`, `tokenable_type`, `tokenable_id`, `name`, `token`, `abilities`, `last_used_at`, `expires_at`, `created_at`, `updated_at`) VALUES ('30', 'App\\Models\\Utilizador', '2', 'auth-token', '9275d79d49d6e5c7f39e99b5a0a2735abedea4d0db754b4107480309117fc11f', '[\"*\"]', NULL, NULL, '2025-04-11 00:47:41', '2025-04-11 00:47:41');
INSERT INTO `personal_access_tokens` (`id`, `tokenable_type`, `tokenable_id`, `name`, `token`, `abilities`, `last_used_at`, `expires_at`, `created_at`, `updated_at`) VALUES ('31', 'App\\Models\\Utilizador', '2', 'auth-token', 'a96ccca96afeb9accd78ed87ef74f52b3fb1973e86a5b4bc6eadb24f349ffaed', '[\"*\"]', NULL, NULL, '2025-04-11 00:47:54', '2025-04-11 00:47:54');
INSERT INTO `personal_access_tokens` (`id`, `tokenable_type`, `tokenable_id`, `name`, `token`, `abilities`, `last_used_at`, `expires_at`, `created_at`, `updated_at`) VALUES ('32', 'App\\Models\\Utilizador', '2', 'auth-token', 'd7177affb6355d4feb4e8ea3f1d1ea70c02e0a2d25cdeb89e961d00bec6d9e38', '[\"*\"]', '2025-04-14 18:51:51', NULL, '2025-04-13 13:41:14', '2025-04-14 18:51:51');
INSERT INTO `personal_access_tokens` (`id`, `tokenable_type`, `tokenable_id`, `name`, `token`, `abilities`, `last_used_at`, `expires_at`, `created_at`, `updated_at`) VALUES ('33', 'App\\Models\\Utilizador', '1', 'auth-token', '3c1d9d0f26f4094934388a14613e6ed6c4b0a8c79416ad3bcbe8b4c21c56b2c6', '[\"*\"]', '2025-04-14 18:54:00', NULL, '2025-04-14 18:53:57', '2025-04-14 18:54:00');
INSERT INTO `personal_access_tokens` (`id`, `tokenable_type`, `tokenable_id`, `name`, `token`, `abilities`, `last_used_at`, `expires_at`, `created_at`, `updated_at`) VALUES ('34', 'App\\Models\\Utilizador', '1', 'auth-token', '05c9c3aeebb66ac3a61c66a943d51e5b0b364fa6e3e80622278a5dbdd5f5d6e6', '[\"*\"]', NULL, NULL, '2025-04-14 18:54:21', '2025-04-14 18:54:21');
INSERT INTO `personal_access_tokens` (`id`, `tokenable_type`, `tokenable_id`, `name`, `token`, `abilities`, `last_used_at`, `expires_at`, `created_at`, `updated_at`) VALUES ('35', 'App\\Models\\Utilizador', '1', 'auth-token', 'b7a57d630b6b997f21e415449177ffd2e7e3cef48a6d728d138f8e35841d63a1', '[\"*\"]', '2025-04-14 18:56:34', NULL, '2025-04-14 18:56:29', '2025-04-14 18:56:34');
INSERT INTO `personal_access_tokens` (`id`, `tokenable_type`, `tokenable_id`, `name`, `token`, `abilities`, `last_used_at`, `expires_at`, `created_at`, `updated_at`) VALUES ('36', 'App\\Models\\Utilizador', '1', 'auth-token', '732621ff764a5389d664784135dc42158976442576805e514aa74a6549d43e90', '[\"*\"]', NULL, NULL, '2025-04-14 18:57:04', '2025-04-14 18:57:04');
INSERT INTO `personal_access_tokens` (`id`, `tokenable_type`, `tokenable_id`, `name`, `token`, `abilities`, `last_used_at`, `expires_at`, `created_at`, `updated_at`) VALUES ('37', 'App\\Models\\Utilizador', '2', 'auth-token', '38e1ac044731a04307bdb56afa416c55d5db4dc4b42fa3d30ac74258f075ca1f', '[\"*\"]', '2025-04-14 18:57:35', NULL, '2025-04-14 18:57:30', '2025-04-14 18:57:35');
INSERT INTO `personal_access_tokens` (`id`, `tokenable_type`, `tokenable_id`, `name`, `token`, `abilities`, `last_used_at`, `expires_at`, `created_at`, `updated_at`) VALUES ('38', 'App\\Models\\Utilizador', '2', 'auth-token', 'ac4ec0701d3a1c88601d58c3c7c77b08df0ff48fcd75fd39f48e1cc82f3bd0f2', '[\"*\"]', NULL, NULL, '2025-04-14 18:58:34', '2025-04-14 18:58:34');
INSERT INTO `personal_access_tokens` (`id`, `tokenable_type`, `tokenable_id`, `name`, `token`, `abilities`, `last_used_at`, `expires_at`, `created_at`, `updated_at`) VALUES ('39', 'App\\Models\\Utilizador', '2', 'auth-token', '8f4edd1e993d97838a74dc96b2373ab483d921512c169476e71116a96f7b1fc8', '[\"*\"]', NULL, NULL, '2025-04-14 18:58:48', '2025-04-14 18:58:48');
INSERT INTO `personal_access_tokens` (`id`, `tokenable_type`, `tokenable_id`, `name`, `token`, `abilities`, `last_used_at`, `expires_at`, `created_at`, `updated_at`) VALUES ('40', 'App\\Models\\Utilizador', '1', 'auth-token', 'b2885e41af1cc7ffb4683dd7154ee947c932a1d23d3e35456f07580b66cdfeb0', '[\"*\"]', '2025-04-14 19:04:51', NULL, '2025-04-14 18:59:38', '2025-04-14 19:04:51');
INSERT INTO `personal_access_tokens` (`id`, `tokenable_type`, `tokenable_id`, `name`, `token`, `abilities`, `last_used_at`, `expires_at`, `created_at`, `updated_at`) VALUES ('41', 'App\\Models\\Utilizador', '1', 'auth-token', 'b0a7bcd224d291865f9087567172416b24eceacb87694a03f3b9a1d7ecc8e673', '[\"*\"]', '2025-04-14 19:12:31', NULL, '2025-04-14 19:08:19', '2025-04-14 19:12:31');
INSERT INTO `personal_access_tokens` (`id`, `tokenable_type`, `tokenable_id`, `name`, `token`, `abilities`, `last_used_at`, `expires_at`, `created_at`, `updated_at`) VALUES ('42', 'App\\Models\\Utilizador', '1', 'auth-token', 'c94eac40137e98e04972ec70e1fd0f8b840d24b6cafaa3ef406239b4fce3c176', '[\"*\"]', NULL, NULL, '2025-04-14 19:12:49', '2025-04-14 19:12:49');
INSERT INTO `personal_access_tokens` (`id`, `tokenable_type`, `tokenable_id`, `name`, `token`, `abilities`, `last_used_at`, `expires_at`, `created_at`, `updated_at`) VALUES ('43', 'App\\Models\\Utilizador', '2', 'auth-token', '960bb2a8518197c4476e6511d707a0023446e300c32e041345bedf813b0f03ec', '[\"*\"]', '2025-04-14 20:15:28', NULL, '2025-04-14 19:13:15', '2025-04-14 20:15:28');
INSERT INTO `personal_access_tokens` (`id`, `tokenable_type`, `tokenable_id`, `name`, `token`, `abilities`, `last_used_at`, `expires_at`, `created_at`, `updated_at`) VALUES ('44', 'App\\Models\\Utilizador', '1', 'auth-token', 'be7f31aa55e586783cd6d94969a980d75060de5f35674f28e02c7ae1c774de8e', '[\"*\"]', '2025-04-14 20:16:10', NULL, '2025-04-14 20:16:02', '2025-04-14 20:16:10');
INSERT INTO `personal_access_tokens` (`id`, `tokenable_type`, `tokenable_id`, `name`, `token`, `abilities`, `last_used_at`, `expires_at`, `created_at`, `updated_at`) VALUES ('45', 'App\\Models\\Utilizador', '2', 'auth-token', '792060ae4151ecaba8ab409a2a39da9aa1b431a0f23645db9c57834cc9a82e40', '[\"*\"]', '2025-04-14 20:17:04', NULL, '2025-04-14 20:16:44', '2025-04-14 20:17:04');
INSERT INTO `personal_access_tokens` (`id`, `tokenable_type`, `tokenable_id`, `name`, `token`, `abilities`, `last_used_at`, `expires_at`, `created_at`, `updated_at`) VALUES ('46', 'App\\Models\\Utilizador', '3', 'auth-token', 'cb99bb81d46af9216eef23019f44e169baebcc9bb01c888954c5567da7923119', '[\"*\"]', '2025-04-14 20:19:16', NULL, '2025-04-14 20:19:12', '2025-04-14 20:19:16');
INSERT INTO `personal_access_tokens` (`id`, `tokenable_type`, `tokenable_id`, `name`, `token`, `abilities`, `last_used_at`, `expires_at`, `created_at`, `updated_at`) VALUES ('47', 'App\\Models\\Utilizador', '3', 'auth-token', '37e2b56a43c0928bcc589b4d2255c7468fad357202e7e5d9c848558368dd10b8', '[\"*\"]', '2025-04-14 20:20:09', NULL, '2025-04-14 20:19:56', '2025-04-14 20:20:09');
INSERT INTO `personal_access_tokens` (`id`, `tokenable_type`, `tokenable_id`, `name`, `token`, `abilities`, `last_used_at`, `expires_at`, `created_at`, `updated_at`) VALUES ('48', 'App\\Models\\Utilizador', '1', 'auth-token', '8500f461a36cae9b56faed9d5fbfafde581f3d08132bc1a0fc9c34575bc11527', '[\"*\"]', '2025-04-14 20:27:43', NULL, '2025-04-14 20:27:37', '2025-04-14 20:27:43');
INSERT INTO `personal_access_tokens` (`id`, `tokenable_type`, `tokenable_id`, `name`, `token`, `abilities`, `last_used_at`, `expires_at`, `created_at`, `updated_at`) VALUES ('49', 'App\\Models\\Utilizador', '1', 'auth-token', '5b67f76c7f727a3d59c284f58c0fb7dcdd6563438f5a191401684ae5f571fa0e', '[\"*\"]', '2025-04-14 20:33:48', NULL, '2025-04-14 20:33:25', '2025-04-14 20:33:48');
INSERT INTO `personal_access_tokens` (`id`, `tokenable_type`, `tokenable_id`, `name`, `token`, `abilities`, `last_used_at`, `expires_at`, `created_at`, `updated_at`) VALUES ('50', 'App\\Models\\Utilizador', '1', 'auth-token', '5e6b6366e5a87ec54601e9d3f01768f50fcca31909ef8896fe638ce209cdfebe', '[\"*\"]', '2025-04-14 20:35:37', NULL, '2025-04-14 20:34:08', '2025-04-14 20:35:37');
INSERT INTO `personal_access_tokens` (`id`, `tokenable_type`, `tokenable_id`, `name`, `token`, `abilities`, `last_used_at`, `expires_at`, `created_at`, `updated_at`) VALUES ('51', 'App\\Models\\Utilizador', '1', 'auth-token', 'fe250efbf6aa81e1adaef1e504def934d7312d78588cbc2d23cf3192f95f39fc', '[\"*\"]', '2025-04-14 20:36:29', NULL, '2025-04-14 20:36:03', '2025-04-14 20:36:29');
INSERT INTO `personal_access_tokens` (`id`, `tokenable_type`, `tokenable_id`, `name`, `token`, `abilities`, `last_used_at`, `expires_at`, `created_at`, `updated_at`) VALUES ('52', 'App\\Models\\Utilizador', '1', 'auth-token', 'e273761a70c976d2cd13c6cb187c871a7444a7dd35ffd43396c4100a44aedb92', '[\"*\"]', '2025-04-14 20:55:19', NULL, '2025-04-14 20:37:08', '2025-04-14 20:55:19');
INSERT INTO `personal_access_tokens` (`id`, `tokenable_type`, `tokenable_id`, `name`, `token`, `abilities`, `last_used_at`, `expires_at`, `created_at`, `updated_at`) VALUES ('53', 'App\\Models\\Utilizador', '1', 'auth-token', '72a1cd84f22c04aa382193fa3b775192f1c173c9eecd703b69ba3e08eb2c5310', '[\"*\"]', '2025-04-14 21:08:53', NULL, '2025-04-14 20:56:54', '2025-04-14 21:08:53');
INSERT INTO `personal_access_tokens` (`id`, `tokenable_type`, `tokenable_id`, `name`, `token`, `abilities`, `last_used_at`, `expires_at`, `created_at`, `updated_at`) VALUES ('54', 'App\\Models\\Utilizador', '5', 'auth-token', '525be813c9b57ced2efc5e08f2f88509fbf4a565d457ab1a67148192eb7829b6', '[\"*\"]', '2025-04-14 21:09:24', NULL, '2025-04-14 21:09:23', '2025-04-14 21:09:24');
INSERT INTO `personal_access_tokens` (`id`, `tokenable_type`, `tokenable_id`, `name`, `token`, `abilities`, `last_used_at`, `expires_at`, `created_at`, `updated_at`) VALUES ('55', 'App\\Models\\Utilizador', '1', 'auth-token', '7066694a519efa7d15739bc708c2699359e25cbf103b99290afd87f705a8917c', '[\"*\"]', '2025-04-14 21:15:04', NULL, '2025-04-14 21:09:59', '2025-04-14 21:15:04');
INSERT INTO `personal_access_tokens` (`id`, `tokenable_type`, `tokenable_id`, `name`, `token`, `abilities`, `last_used_at`, `expires_at`, `created_at`, `updated_at`) VALUES ('56', 'App\\Models\\Utilizador', '3', 'auth-token', 'f71a93897dd209389826239cd61002431dce7927d3885c1f1f4256efea4391f9', '[\"*\"]', '2025-04-14 21:15:41', NULL, '2025-04-14 21:15:40', '2025-04-14 21:15:41');
INSERT INTO `personal_access_tokens` (`id`, `tokenable_type`, `tokenable_id`, `name`, `token`, `abilities`, `last_used_at`, `expires_at`, `created_at`, `updated_at`) VALUES ('57', 'App\\Models\\Utilizador', '1', 'auth-token', '58165d4a872dbc37a3130691c02d47936101c1c5590647b3f72e91eecdfd2b3e', '[\"*\"]', '2025-04-14 21:16:03', NULL, '2025-04-14 21:15:57', '2025-04-14 21:16:03');
INSERT INTO `personal_access_tokens` (`id`, `tokenable_type`, `tokenable_id`, `name`, `token`, `abilities`, `last_used_at`, `expires_at`, `created_at`, `updated_at`) VALUES ('58', 'App\\Models\\Utilizador', '5', 'auth-token', 'fc08568a8527c71ce91c9646d5dfd1211844ddde9544494deaff64f958d7ef86', '[\"*\"]', '2025-04-14 21:18:19', NULL, '2025-04-14 21:16:17', '2025-04-14 21:18:19');
INSERT INTO `personal_access_tokens` (`id`, `tokenable_type`, `tokenable_id`, `name`, `token`, `abilities`, `last_used_at`, `expires_at`, `created_at`, `updated_at`) VALUES ('59', 'App\\Models\\Utilizador', '1', 'auth-token', 'a1495454f494d50c14d00f3d643fa4770693b6e95a88a8e25ce69b8a2c2b213c', '[\"*\"]', '2025-04-14 21:19:02', NULL, '2025-04-14 21:18:45', '2025-04-14 21:19:02');
INSERT INTO `personal_access_tokens` (`id`, `tokenable_type`, `tokenable_id`, `name`, `token`, `abilities`, `last_used_at`, `expires_at`, `created_at`, `updated_at`) VALUES ('60', 'App\\Models\\Utilizador', '2', 'auth-token', '025536179ef897d2f7da07aac6eefdc6d9f0fdf446ce47142f8797146de411db', '[\"*\"]', '2025-04-14 22:16:29', NULL, '2025-04-14 21:57:45', '2025-04-14 22:16:29');
INSERT INTO `personal_access_tokens` (`id`, `tokenable_type`, `tokenable_id`, `name`, `token`, `abilities`, `last_used_at`, `expires_at`, `created_at`, `updated_at`) VALUES ('61', 'App\\Models\\Utilizador', '2', 'auth-token', '2d7c1e698a885ef87ca141159afa4166c1dbaa6ef0aa4074155d30a54ed14720', '[\"*\"]', '2025-04-14 22:59:31', NULL, '2025-04-14 22:56:45', '2025-04-14 22:59:31');
INSERT INTO `personal_access_tokens` (`id`, `tokenable_type`, `tokenable_id`, `name`, `token`, `abilities`, `last_used_at`, `expires_at`, `created_at`, `updated_at`) VALUES ('62', 'App\\Models\\Utilizador', '1', 'auth-token', 'e6f703fff9ca99d93d6e8689bed5ce26e4242e4d33e85fefce7a1aea6a6a2130', '[\"*\"]', '2025-04-14 23:12:09', NULL, '2025-04-14 22:59:59', '2025-04-14 23:12:09');
INSERT INTO `personal_access_tokens` (`id`, `tokenable_type`, `tokenable_id`, `name`, `token`, `abilities`, `last_used_at`, `expires_at`, `created_at`, `updated_at`) VALUES ('63', 'App\\Models\\Utilizador', '2', 'auth-token', 'ae168fbfc3acfb82153adc8608af859440e89b5c213f47e574eae21f6b940a1a', '[\"*\"]', '2025-04-15 00:53:06', NULL, '2025-04-14 23:12:49', '2025-04-15 00:53:06');
INSERT INTO `personal_access_tokens` (`id`, `tokenable_type`, `tokenable_id`, `name`, `token`, `abilities`, `last_used_at`, `expires_at`, `created_at`, `updated_at`) VALUES ('64', 'App\\Models\\Utilizador', '1', 'auth-token', '24562fe38b6d4b259df70a56b022bb3fbcfa97298e7c1bda3f4d4bc0c978f4a5', '[\"*\"]', '2025-04-15 00:14:21', NULL, '2025-04-14 23:26:15', '2025-04-15 00:14:21');
INSERT INTO `personal_access_tokens` (`id`, `tokenable_type`, `tokenable_id`, `name`, `token`, `abilities`, `last_used_at`, `expires_at`, `created_at`, `updated_at`) VALUES ('65', 'App\\Models\\Utilizador', '2', 'auth-token', 'a76bf06c925b158c7c641484cd59378a4b6275e5a245556ac02ad045f99a29a7', '[\"*\"]', '2025-04-15 14:26:33', NULL, '2025-04-15 00:14:49', '2025-04-15 14:26:33');
INSERT INTO `personal_access_tokens` (`id`, `tokenable_type`, `tokenable_id`, `name`, `token`, `abilities`, `last_used_at`, `expires_at`, `created_at`, `updated_at`) VALUES ('66', 'App\\Models\\Utilizador', '2', 'auth-token', 'b2197670e271f8b8aeee8c9b2a8a474c9d6bb01e9b7f9ec73ac3bc1b4d6571bf', '[\"*\"]', '2025-04-15 00:59:51', NULL, '2025-04-15 00:53:36', '2025-04-15 00:59:51');
INSERT INTO `personal_access_tokens` (`id`, `tokenable_type`, `tokenable_id`, `name`, `token`, `abilities`, `last_used_at`, `expires_at`, `created_at`, `updated_at`) VALUES ('67', 'App\\Models\\Utilizador', '2', 'auth-token', 'f288462add2f40026ae51c4a9dd0265fc9ebf5ce5cac7bccafa3305d9b31ca67', '[\"*\"]', '2025-04-15 01:00:35', NULL, '2025-04-15 01:00:11', '2025-04-15 01:00:35');
INSERT INTO `personal_access_tokens` (`id`, `tokenable_type`, `tokenable_id`, `name`, `token`, `abilities`, `last_used_at`, `expires_at`, `created_at`, `updated_at`) VALUES ('68', 'App\\Models\\Utilizador', '2', 'auth-token', '91081131a60d6f9e3c119ac992a34cdff4469538c83cdfb46d40872d5d3d683d', '[\"*\"]', '2025-04-15 01:04:03', NULL, '2025-04-15 01:00:49', '2025-04-15 01:04:03');
INSERT INTO `personal_access_tokens` (`id`, `tokenable_type`, `tokenable_id`, `name`, `token`, `abilities`, `last_used_at`, `expires_at`, `created_at`, `updated_at`) VALUES ('69', 'App\\Models\\Utilizador', '2', 'auth-token', 'f153738d0176e0687f3e558dead5c9c8a6ea49055e588731a8fb42dcb464e779', '[\"*\"]', '2025-04-15 01:05:17', NULL, '2025-04-15 01:04:18', '2025-04-15 01:05:17');
INSERT INTO `personal_access_tokens` (`id`, `tokenable_type`, `tokenable_id`, `name`, `token`, `abilities`, `last_used_at`, `expires_at`, `created_at`, `updated_at`) VALUES ('70', 'App\\Models\\Utilizador', '1', 'auth-token', '09f234741856f3c4ff189475296d3f6a4a88d14ff20d0fafb9df410ffd461e82', '[\"*\"]', '2025-04-15 01:12:48', NULL, '2025-04-15 01:05:37', '2025-04-15 01:12:48');
INSERT INTO `personal_access_tokens` (`id`, `tokenable_type`, `tokenable_id`, `name`, `token`, `abilities`, `last_used_at`, `expires_at`, `created_at`, `updated_at`) VALUES ('71', 'App\\Models\\Utilizador', '2', 'auth-token', 'dc76a73b9c0bc65e0a0ec2fd7d38d5638679a473f397055575c78a49310759e9', '[\"*\"]', '2025-04-15 01:18:25', NULL, '2025-04-15 01:13:03', '2025-04-15 01:18:25');
INSERT INTO `personal_access_tokens` (`id`, `tokenable_type`, `tokenable_id`, `name`, `token`, `abilities`, `last_used_at`, `expires_at`, `created_at`, `updated_at`) VALUES ('72', 'App\\Models\\Utilizador', '1', 'auth-token', '8518717e6a64eb1dbfab3ac2b0153c8014cebbbdeaa385a9de1bbe064b454ab4', '[\"*\"]', '2025-04-15 01:56:54', NULL, '2025-04-15 01:18:45', '2025-04-15 01:56:54');
INSERT INTO `personal_access_tokens` (`id`, `tokenable_type`, `tokenable_id`, `name`, `token`, `abilities`, `last_used_at`, `expires_at`, `created_at`, `updated_at`) VALUES ('73', 'App\\Models\\Utilizador', '2', 'auth-token', 'd995ab6c38c87798abf51e34e3e6c4981ef22e841c84c93b170359f0a0972015', '[\"*\"]', '2025-04-15 14:49:23', NULL, '2025-04-15 01:57:13', '2025-04-15 14:49:23');
INSERT INTO `personal_access_tokens` (`id`, `tokenable_type`, `tokenable_id`, `name`, `token`, `abilities`, `last_used_at`, `expires_at`, `created_at`, `updated_at`) VALUES ('74', 'App\\Models\\Utilizador', '1', 'auth-token', 'b527ab6f9a02ee833deb53be996966a077218d10a513d580ced374e769502f6e', '[\"*\"]', '2025-04-15 15:07:23', NULL, '2025-04-15 14:26:56', '2025-04-15 15:07:23');
INSERT INTO `personal_access_tokens` (`id`, `tokenable_type`, `tokenable_id`, `name`, `token`, `abilities`, `last_used_at`, `expires_at`, `created_at`, `updated_at`) VALUES ('75', 'App\\Models\\Utilizador', '1', 'auth-token', '53c892732d44a92632f98979cf99a4f20e90db55e9e56644a0e1493edcda03ba', '[\"*\"]', '2025-04-15 18:25:29', NULL, '2025-04-15 14:49:40', '2025-04-15 18:25:29');
INSERT INTO `personal_access_tokens` (`id`, `tokenable_type`, `tokenable_id`, `name`, `token`, `abilities`, `last_used_at`, `expires_at`, `created_at`, `updated_at`) VALUES ('76', 'App\\Models\\Utilizador', '2', 'auth-token', 'ee22b1d5903cde7663e11758fb253e8fe8e3a0702d03ebc41d362648835a74b3', '[\"*\"]', '2025-04-15 15:34:28', NULL, '2025-04-15 15:07:35', '2025-04-15 15:34:28');
INSERT INTO `personal_access_tokens` (`id`, `tokenable_type`, `tokenable_id`, `name`, `token`, `abilities`, `last_used_at`, `expires_at`, `created_at`, `updated_at`) VALUES ('77', 'App\\Models\\Utilizador', '1', 'auth-token', 'd2e35e982a2a5528d27e924f0544d7b4b084d1a0228992d9f827246f0b8cd93f', '[\"*\"]', '2025-04-15 16:13:32', NULL, '2025-04-15 16:06:45', '2025-04-15 16:13:32');
INSERT INTO `personal_access_tokens` (`id`, `tokenable_type`, `tokenable_id`, `name`, `token`, `abilities`, `last_used_at`, `expires_at`, `created_at`, `updated_at`) VALUES ('78', 'App\\Models\\Utilizador', '1', 'auth-token', '8433bf2731f08a7c66a3ad510c2907917b0954dc5fae4854b775b7b6a37453e0', '[\"*\"]', NULL, NULL, '2025-04-15 16:21:18', '2025-04-15 16:21:18');
INSERT INTO `personal_access_tokens` (`id`, `tokenable_type`, `tokenable_id`, `name`, `token`, `abilities`, `last_used_at`, `expires_at`, `created_at`, `updated_at`) VALUES ('79', 'App\\Models\\Utilizador', '1', 'auth-token', '76c2712b741715f8ea772944eb8daf0e0cf795a225134902e58720b706a6e938', '[\"*\"]', '2025-04-15 17:09:24', NULL, '2025-04-15 16:21:33', '2025-04-15 17:09:24');
INSERT INTO `personal_access_tokens` (`id`, `tokenable_type`, `tokenable_id`, `name`, `token`, `abilities`, `last_used_at`, `expires_at`, `created_at`, `updated_at`) VALUES ('80', 'App\\Models\\Utilizador', '2', 'auth-token', '793c8abc84abb7537f8910cd779010d454ec8738c0397e42b939cbb73445ddcc', '[\"*\"]', '2025-04-15 22:24:56', NULL, '2025-04-15 17:13:44', '2025-04-15 22:24:56');
INSERT INTO `personal_access_tokens` (`id`, `tokenable_type`, `tokenable_id`, `name`, `token`, `abilities`, `last_used_at`, `expires_at`, `created_at`, `updated_at`) VALUES ('81', 'App\\Models\\Utilizador', '2', 'auth-token', 'ec0c11a7eccc8eef97ce65143401652e7a93ae80e6a2f38b5eac37c2c43405d7', '[\"*\"]', '2025-04-15 18:50:20', NULL, '2025-04-15 18:49:43', '2025-04-15 18:50:20');
INSERT INTO `personal_access_tokens` (`id`, `tokenable_type`, `tokenable_id`, `name`, `token`, `abilities`, `last_used_at`, `expires_at`, `created_at`, `updated_at`) VALUES ('82', 'App\\Models\\Utilizador', '1', 'auth-token', '067fd5c3f2f63b48184232418c1eca49f39ff32c6cd83b5d9f43ed92678310b5', '[\"*\"]', '2025-04-15 18:54:09', NULL, '2025-04-15 18:50:47', '2025-04-15 18:54:09');
INSERT INTO `personal_access_tokens` (`id`, `tokenable_type`, `tokenable_id`, `name`, `token`, `abilities`, `last_used_at`, `expires_at`, `created_at`, `updated_at`) VALUES ('83', 'App\\Models\\Utilizador', '1', 'auth-token', 'f4349f92b2ab4bb342ed90b8f4ad387a4bee0ad48dbc9e6cce5e3d7d5bf40780', '[\"*\"]', '2025-04-16 00:26:07', NULL, '2025-04-15 18:57:04', '2025-04-16 00:26:07');
INSERT INTO `personal_access_tokens` (`id`, `tokenable_type`, `tokenable_id`, `name`, `token`, `abilities`, `last_used_at`, `expires_at`, `created_at`, `updated_at`) VALUES ('84', 'App\\Models\\Utilizador', '1', 'auth-token', '6b0142531064c4a9d8f1d8a2e647120d83e83f5cc8f6f3146af35c091f67853f', '[\"*\"]', '2025-04-15 22:44:18', NULL, '2025-04-15 22:39:28', '2025-04-15 22:44:18');
INSERT INTO `personal_access_tokens` (`id`, `tokenable_type`, `tokenable_id`, `name`, `token`, `abilities`, `last_used_at`, `expires_at`, `created_at`, `updated_at`) VALUES ('85', 'App\\Models\\Utilizador', '2', 'auth-token', '0736a42132eeb4ff1844bf2fbac1baffce67dd443e3e8d1565093589f223142a', '[\"*\"]', '2025-04-15 23:45:49', NULL, '2025-04-15 22:44:37', '2025-04-15 23:45:49');
INSERT INTO `personal_access_tokens` (`id`, `tokenable_type`, `tokenable_id`, `name`, `token`, `abilities`, `last_used_at`, `expires_at`, `created_at`, `updated_at`) VALUES ('86', 'App\\Models\\Utilizador', '1', 'auth-token', '6b84f7b54fc848cc723e73f64fd5e3c9a9bb9150dead94c9f84a1287b56c6379', '[\"*\"]', '2025-04-17 00:31:17', NULL, '2025-04-16 10:01:15', '2025-04-17 00:31:17');
INSERT INTO `personal_access_tokens` (`id`, `tokenable_type`, `tokenable_id`, `name`, `token`, `abilities`, `last_used_at`, `expires_at`, `created_at`, `updated_at`) VALUES ('87', 'App\\Models\\Utilizador', '2', 'auth-token', '11f078024b54818d2b8b32e75135044b439180332d6bfeaab16b323317c1b767', '[\"*\"]', '2025-04-16 17:10:55', NULL, '2025-04-16 17:05:13', '2025-04-16 17:10:55');
INSERT INTO `personal_access_tokens` (`id`, `tokenable_type`, `tokenable_id`, `name`, `token`, `abilities`, `last_used_at`, `expires_at`, `created_at`, `updated_at`) VALUES ('88', 'App\\Models\\Utilizador', '2', 'auth-token', '983d8887557eca7339743573a75b45fd4aad7dd7a542cca1f625b318a3bf4ae9', '[\"*\"]', '2025-04-16 20:19:56', NULL, '2025-04-16 20:19:38', '2025-04-16 20:19:56');
INSERT INTO `personal_access_tokens` (`id`, `tokenable_type`, `tokenable_id`, `name`, `token`, `abilities`, `last_used_at`, `expires_at`, `created_at`, `updated_at`) VALUES ('89', 'App\\Models\\Utilizador', '3', 'auth-token', '2760fefdaa8163af90f700d5785fdf36ced43f98993815141e2dd64920984303', '[\"*\"]', '2025-04-16 20:38:41', NULL, '2025-04-16 20:20:32', '2025-04-16 20:38:41');
INSERT INTO `personal_access_tokens` (`id`, `tokenable_type`, `tokenable_id`, `name`, `token`, `abilities`, `last_used_at`, `expires_at`, `created_at`, `updated_at`) VALUES ('90', 'App\\Models\\Utilizador', '3', 'auth-token', 'df27d5fd4ada9262cbb08b9c1b310c79d2305d1efbdebc4f2d6de5a3b5c88b50', '[\"*\"]', '2025-04-16 21:25:40', NULL, '2025-04-16 20:50:06', '2025-04-16 21:25:40');
INSERT INTO `personal_access_tokens` (`id`, `tokenable_type`, `tokenable_id`, `name`, `token`, `abilities`, `last_used_at`, `expires_at`, `created_at`, `updated_at`) VALUES ('91', 'App\\Models\\Utilizador', '3', 'auth-token', 'ece2cfe005c844399ef92eda17ff1471f5adf190c76dc108c41f0abda89c7c0b', '[\"*\"]', '2025-04-16 22:10:48', NULL, '2025-04-16 21:32:11', '2025-04-16 22:10:48');
INSERT INTO `personal_access_tokens` (`id`, `tokenable_type`, `tokenable_id`, `name`, `token`, `abilities`, `last_used_at`, `expires_at`, `created_at`, `updated_at`) VALUES ('92', 'App\\Models\\Utilizador', '2', 'auth-token', '4d65e5f67d96a408dcbc23a9c6243d66952b6f1a6f88f99f46810434ca3d7cdc', '[\"*\"]', '2025-04-16 22:18:59', NULL, '2025-04-16 22:11:03', '2025-04-16 22:18:59');
INSERT INTO `personal_access_tokens` (`id`, `tokenable_type`, `tokenable_id`, `name`, `token`, `abilities`, `last_used_at`, `expires_at`, `created_at`, `updated_at`) VALUES ('93', 'App\\Models\\Utilizador', '3', 'auth-token', '1e1a6dfb91eeb42144367073cb81b580db3db98c587e9e333ac384acdf98f552', '[\"*\"]', '2025-04-16 22:20:42', NULL, '2025-04-16 22:19:31', '2025-04-16 22:20:42');
INSERT INTO `personal_access_tokens` (`id`, `tokenable_type`, `tokenable_id`, `name`, `token`, `abilities`, `last_used_at`, `expires_at`, `created_at`, `updated_at`) VALUES ('94', 'App\\Models\\Utilizador', '3', 'auth-token', '8c1b04c3c0c3fba850c0bccf64c1f7fab706dc73d5fc536817c3988d30a75e59', '[\"*\"]', '2025-04-17 01:23:18', NULL, '2025-04-16 22:21:06', '2025-04-17 01:23:18');
INSERT INTO `personal_access_tokens` (`id`, `tokenable_type`, `tokenable_id`, `name`, `token`, `abilities`, `last_used_at`, `expires_at`, `created_at`, `updated_at`) VALUES ('95', 'App\\Models\\Utilizador', '3', 'auth-token', '4ff2b94a06d1c88ce8baddbd2000bb680f51848872692cc7081022368b2a7f65', '[\"*\"]', '2025-04-17 01:26:04', NULL, '2025-04-17 00:31:27', '2025-04-17 01:26:04');
INSERT INTO `personal_access_tokens` (`id`, `tokenable_type`, `tokenable_id`, `name`, `token`, `abilities`, `last_used_at`, `expires_at`, `created_at`, `updated_at`) VALUES ('96', 'App\\Models\\Utilizador', '3', 'auth-token', '21cc80401a8b412f9dd88bf469ba36f03cb0aed25c9caca5c78c2bec573f49e3', '[\"*\"]', '2025-04-18 11:48:46', NULL, '2025-04-18 09:49:16', '2025-04-18 11:48:46');
INSERT INTO `personal_access_tokens` (`id`, `tokenable_type`, `tokenable_id`, `name`, `token`, `abilities`, `last_used_at`, `expires_at`, `created_at`, `updated_at`) VALUES ('98', 'App\\Models\\Utilizador', '2', 'auth-token', '1d0e792485266b6785acf10aa3f29cd43e8802350545632c5224fcbb29055f6a', '[\"*\"]', '2025-04-18 11:55:56', NULL, '2025-04-18 11:55:23', '2025-04-18 11:55:56');
INSERT INTO `personal_access_tokens` (`id`, `tokenable_type`, `tokenable_id`, `name`, `token`, `abilities`, `last_used_at`, `expires_at`, `created_at`, `updated_at`) VALUES ('99', 'App\\Models\\Utilizador', '3', 'auth-token', '223d7f2b0481992484100dcc3d7f173bb7546dcc6cd14d64bad7e8e58e68b3ab', '[\"*\"]', '2025-04-18 12:08:43', NULL, '2025-04-18 11:56:17', '2025-04-18 12:08:43');
INSERT INTO `personal_access_tokens` (`id`, `tokenable_type`, `tokenable_id`, `name`, `token`, `abilities`, `last_used_at`, `expires_at`, `created_at`, `updated_at`) VALUES ('100', 'App\\Models\\Utilizador', '3', 'auth-token', '78b970da14d50179beb7085f110a97032b03110f62803722fc58e9ea4d31f48d', '[\"*\"]', '2025-04-18 12:13:12', NULL, '2025-04-18 12:12:41', '2025-04-18 12:13:12');
INSERT INTO `personal_access_tokens` (`id`, `tokenable_type`, `tokenable_id`, `name`, `token`, `abilities`, `last_used_at`, `expires_at`, `created_at`, `updated_at`) VALUES ('101', 'App\\Models\\Utilizador', '2', 'auth-token', '3d6a17be90fbe6fdf1501f080acdde1ca6155dba1aefacb4a4c659e05cfe6967', '[\"*\"]', '2025-04-18 12:20:21', NULL, '2025-04-18 12:13:24', '2025-04-18 12:20:21');
INSERT INTO `personal_access_tokens` (`id`, `tokenable_type`, `tokenable_id`, `name`, `token`, `abilities`, `last_used_at`, `expires_at`, `created_at`, `updated_at`) VALUES ('102', 'App\\Models\\Utilizador', '2', 'auth-token', '22f07f51d4acd5e5c0ff2fc927692196c933e42155192f6950cc4bf0ef0e7432', '[\"*\"]', '2025-04-18 12:45:29', NULL, '2025-04-18 12:35:52', '2025-04-18 12:45:29');
INSERT INTO `personal_access_tokens` (`id`, `tokenable_type`, `tokenable_id`, `name`, `token`, `abilities`, `last_used_at`, `expires_at`, `created_at`, `updated_at`) VALUES ('103', 'App\\Models\\Utilizador', '3', 'auth-token', 'd00ad1d0d1b78c57579194755d8d76fa88374e57f922da028cc08f2c177092c3', '[\"*\"]', '2025-04-18 14:21:30', NULL, '2025-04-18 14:21:16', '2025-04-18 14:21:30');
INSERT INTO `personal_access_tokens` (`id`, `tokenable_type`, `tokenable_id`, `name`, `token`, `abilities`, `last_used_at`, `expires_at`, `created_at`, `updated_at`) VALUES ('104', 'App\\Models\\Utilizador', '3', 'auth-token', '7a59ed095753fddd7d487fea2beeebb1823836392f47d2a2f872e4302ecb4dfb', '[\"*\"]', '2025-04-18 14:40:02', NULL, '2025-04-18 14:39:49', '2025-04-18 14:40:02');
INSERT INTO `personal_access_tokens` (`id`, `tokenable_type`, `tokenable_id`, `name`, `token`, `abilities`, `last_used_at`, `expires_at`, `created_at`, `updated_at`) VALUES ('105', 'App\\Models\\Utilizador', '3', 'auth-token', '817f3a9dc06ba8b644cc956e5861362b782001979cf49d8fc1ade0ef649f70ff', '[\"*\"]', '2025-04-18 15:01:49', NULL, '2025-04-18 14:58:03', '2025-04-18 15:01:49');
INSERT INTO `personal_access_tokens` (`id`, `tokenable_type`, `tokenable_id`, `name`, `token`, `abilities`, `last_used_at`, `expires_at`, `created_at`, `updated_at`) VALUES ('106', 'App\\Models\\Utilizador', '2', 'auth-token', '46a150606d8f0b37ff9327dc2f29f2d492b24ecd660388903e742cc03a691fd5', '[\"*\"]', '2025-04-18 15:02:34', NULL, '2025-04-18 15:02:12', '2025-04-18 15:02:34');
INSERT INTO `personal_access_tokens` (`id`, `tokenable_type`, `tokenable_id`, `name`, `token`, `abilities`, `last_used_at`, `expires_at`, `created_at`, `updated_at`) VALUES ('107', 'App\\Models\\Utilizador', '3', 'auth-token', 'b05245935060864fb957ab34ba2a6581f9a763987d119e9fa7c85f89e756e7ef', '[\"*\"]', '2025-04-18 15:10:37', NULL, '2025-04-18 15:03:43', '2025-04-18 15:10:37');
INSERT INTO `personal_access_tokens` (`id`, `tokenable_type`, `tokenable_id`, `name`, `token`, `abilities`, `last_used_at`, `expires_at`, `created_at`, `updated_at`) VALUES ('108', 'App\\Models\\Utilizador', '3', 'auth-token', 'c0936b3492f908ef3d14f922cf9a53204e7d56a9c030c2331f44f42b801090aa', '[\"*\"]', '2025-04-18 16:49:01', NULL, '2025-04-18 15:15:52', '2025-04-18 16:49:01');
INSERT INTO `personal_access_tokens` (`id`, `tokenable_type`, `tokenable_id`, `name`, `token`, `abilities`, `last_used_at`, `expires_at`, `created_at`, `updated_at`) VALUES ('109', 'App\\Models\\Utilizador', '3', 'auth-token', '8d1e791ed2a89e606fd288d7f84898bd07647c0e227e52327ca9100e78108da4', '[\"*\"]', '2025-04-19 14:29:52', NULL, '2025-04-19 11:56:28', '2025-04-19 14:29:52');
INSERT INTO `personal_access_tokens` (`id`, `tokenable_type`, `tokenable_id`, `name`, `token`, `abilities`, `last_used_at`, `expires_at`, `created_at`, `updated_at`) VALUES ('110', 'App\\Models\\Utilizador', '1', 'auth-token', 'a13d575710c5dba6d11460eaae1536747bf01fd10ae7dac8f4dc9a8504e4d9f8', '[\"*\"]', '2025-04-19 14:37:53', NULL, '2025-04-19 14:31:41', '2025-04-19 14:37:53');
INSERT INTO `personal_access_tokens` (`id`, `tokenable_type`, `tokenable_id`, `name`, `token`, `abilities`, `last_used_at`, `expires_at`, `created_at`, `updated_at`) VALUES ('111', 'App\\Models\\Utilizador', '3', 'auth-token', '88f422e37695d01b8f6cc2ce916137496cebe53830ced5fa2e75eac25934987d', '[\"*\"]', '2025-04-19 15:12:36', NULL, '2025-04-19 14:38:52', '2025-04-19 15:12:36');
INSERT INTO `personal_access_tokens` (`id`, `tokenable_type`, `tokenable_id`, `name`, `token`, `abilities`, `last_used_at`, `expires_at`, `created_at`, `updated_at`) VALUES ('112', 'App\\Models\\Utilizador', '1', 'auth-token', 'e4ba11d9a4d0cd9eacb7a6dcd56157400cf4716f14f2144a65eaf480dd5738b0', '[\"*\"]', '2025-04-19 14:54:05', NULL, '2025-04-19 14:53:56', '2025-04-19 14:54:05');
INSERT INTO `personal_access_tokens` (`id`, `tokenable_type`, `tokenable_id`, `name`, `token`, `abilities`, `last_used_at`, `expires_at`, `created_at`, `updated_at`) VALUES ('113', 'App\\Models\\Utilizador', '1', 'auth-token', 'a2ef8c2ee7ac9f2b3695b466371a443d198fb623931fd1995cf41bb6c71cb0b7', '[\"*\"]', '2025-04-19 14:54:38', NULL, '2025-04-19 14:54:19', '2025-04-19 14:54:38');
INSERT INTO `personal_access_tokens` (`id`, `tokenable_type`, `tokenable_id`, `name`, `token`, `abilities`, `last_used_at`, `expires_at`, `created_at`, `updated_at`) VALUES ('114', 'App\\Models\\Utilizador', '1', 'auth-token', 'cbdddaef60cade19dfc3a91c8fbb75c331ba6aeb2f963050fdac5e90a56ea0eb', '[\"*\"]', '2025-04-19 15:28:39', NULL, '2025-04-19 14:54:49', '2025-04-19 15:28:39');
INSERT INTO `personal_access_tokens` (`id`, `tokenable_type`, `tokenable_id`, `name`, `token`, `abilities`, `last_used_at`, `expires_at`, `created_at`, `updated_at`) VALUES ('115', 'App\\Models\\Utilizador', '2', 'auth-token', 'a615214c256eaeade83fcd7433ed8b11b6a5f936ca40b9f7d7754a540a63c509', '[\"*\"]', '2025-04-24 20:51:13', NULL, '2025-04-24 20:30:30', '2025-04-24 20:51:13');
INSERT INTO `personal_access_tokens` (`id`, `tokenable_type`, `tokenable_id`, `name`, `token`, `abilities`, `last_used_at`, `expires_at`, `created_at`, `updated_at`) VALUES ('116', 'App\\Models\\Utilizador', '2', 'auth-token', 'd962fad9383f022644154ebb3aa2fdf5a69395702a9a0fec7004a12ff3f1e088', '[\"*\"]', '2025-04-24 20:55:35', NULL, '2025-04-24 20:51:25', '2025-04-24 20:55:35');
INSERT INTO `personal_access_tokens` (`id`, `tokenable_type`, `tokenable_id`, `name`, `token`, `abilities`, `last_used_at`, `expires_at`, `created_at`, `updated_at`) VALUES ('117', 'App\\Models\\Utilizador', '1', 'auth-token', 'b547d21f6d66ef2536299a0bd253f13c2d02408a402f359e87b51532a46f2f10', '[\"*\"]', '2025-04-24 21:17:15', NULL, '2025-04-24 21:16:23', '2025-04-24 21:17:15');
INSERT INTO `personal_access_tokens` (`id`, `tokenable_type`, `tokenable_id`, `name`, `token`, `abilities`, `last_used_at`, `expires_at`, `created_at`, `updated_at`) VALUES ('118', 'App\\Models\\Utilizador', '11', 'auth-token', 'afe49094615353c22153379e4e163155d5e1f21b39fdb807bc418d6795506a9b', '[\"*\"]', '2025-04-24 21:18:11', NULL, '2025-04-24 21:18:08', '2025-04-24 21:18:11');
INSERT INTO `personal_access_tokens` (`id`, `tokenable_type`, `tokenable_id`, `name`, `token`, `abilities`, `last_used_at`, `expires_at`, `created_at`, `updated_at`) VALUES ('119', 'App\\Models\\Utilizador', '1', 'auth-token', 'e71e68261aad0cd45b6796e8ab359e005b5cb0cca47d5280b36bd27a05b34e3e', '[\"*\"]', '2025-04-24 21:19:47', NULL, '2025-04-24 21:19:35', '2025-04-24 21:19:47');
INSERT INTO `personal_access_tokens` (`id`, `tokenable_type`, `tokenable_id`, `name`, `token`, `abilities`, `last_used_at`, `expires_at`, `created_at`, `updated_at`) VALUES ('120', 'App\\Models\\Utilizador', '12', 'auth-token', '906001fc819d77840d509e6d9a27b81ebce2dcb930e4ef49e45e462c085f48f5', '[\"*\"]', '2025-04-24 21:20:37', NULL, '2025-04-24 21:20:01', '2025-04-24 21:20:37');
INSERT INTO `personal_access_tokens` (`id`, `tokenable_type`, `tokenable_id`, `name`, `token`, `abilities`, `last_used_at`, `expires_at`, `created_at`, `updated_at`) VALUES ('121', 'App\\Models\\Utilizador', '11', 'auth-token', '567cc7d18c621d02eb082b13e30b5adeb8068e1ec7e1f3f7782ff0eab4c6433d', '[\"*\"]', '2025-04-24 21:22:31', NULL, '2025-04-24 21:21:45', '2025-04-24 21:22:31');
INSERT INTO `personal_access_tokens` (`id`, `tokenable_type`, `tokenable_id`, `name`, `token`, `abilities`, `last_used_at`, `expires_at`, `created_at`, `updated_at`) VALUES ('122', 'App\\Models\\Utilizador', '2', 'auth-token', '566c034c1a6bdb988e57d956ef99b354e47eed3ca98e299dd7e9937fb7638915', '[\"*\"]', '2025-04-24 21:29:55', NULL, '2025-04-24 21:22:50', '2025-04-24 21:29:55');
INSERT INTO `personal_access_tokens` (`id`, `tokenable_type`, `tokenable_id`, `name`, `token`, `abilities`, `last_used_at`, `expires_at`, `created_at`, `updated_at`) VALUES ('123', 'App\\Models\\Utilizador', '11', 'auth-token', '6303abf7306614dbd7c50478330a263c29e71473118d97fc164c90585aa91bd5', '[\"*\"]', '2025-04-24 21:30:31', NULL, '2025-04-24 21:30:23', '2025-04-24 21:30:31');
INSERT INTO `personal_access_tokens` (`id`, `tokenable_type`, `tokenable_id`, `name`, `token`, `abilities`, `last_used_at`, `expires_at`, `created_at`, `updated_at`) VALUES ('124', 'App\\Models\\Utilizador', '1', 'auth-token', 'a38bca6f14ccd33050ac8152d5b4e45355df2f5277458cfd12237b723dcfbcf5', '[\"*\"]', '2025-04-24 21:30:59', NULL, '2025-04-24 21:30:39', '2025-04-24 21:30:59');
INSERT INTO `personal_access_tokens` (`id`, `tokenable_type`, `tokenable_id`, `name`, `token`, `abilities`, `last_used_at`, `expires_at`, `created_at`, `updated_at`) VALUES ('125', 'App\\Models\\Utilizador', '11', 'auth-token', '2be61fa3dab7d0971d8a8150b0a101a0b287b593dab2694d944bd81c86d4296f', '[\"*\"]', '2025-04-24 21:32:29', NULL, '2025-04-24 21:31:40', '2025-04-24 21:32:29');
INSERT INTO `personal_access_tokens` (`id`, `tokenable_type`, `tokenable_id`, `name`, `token`, `abilities`, `last_used_at`, `expires_at`, `created_at`, `updated_at`) VALUES ('126', 'App\\Models\\Utilizador', '1', 'auth-token', '8fb6ecc00f12444813caa3715d7e65a45f67cef7dd7ac94d57d27beeec9bb18f', '[\"*\"]', '2025-04-24 21:44:27', NULL, '2025-04-24 21:32:40', '2025-04-24 21:44:27');
INSERT INTO `personal_access_tokens` (`id`, `tokenable_type`, `tokenable_id`, `name`, `token`, `abilities`, `last_used_at`, `expires_at`, `created_at`, `updated_at`) VALUES ('127', 'App\\Models\\Utilizador', '11', 'auth-token', '10fbcf75124fba50c84ac9c76ac2119c8deac6342802e7029730728fe8971422', '[\"*\"]', '2025-04-24 21:45:22', NULL, '2025-04-24 21:44:39', '2025-04-24 21:45:22');
INSERT INTO `personal_access_tokens` (`id`, `tokenable_type`, `tokenable_id`, `name`, `token`, `abilities`, `last_used_at`, `expires_at`, `created_at`, `updated_at`) VALUES ('128', 'App\\Models\\Utilizador', '1', 'auth-token', '31641d4be1cece9e699be5c81231d7ab952573b4e370380356b0755321e8b021', '[\"*\"]', '2025-04-24 22:17:30', NULL, '2025-04-24 21:45:31', '2025-04-24 22:17:30');
INSERT INTO `personal_access_tokens` (`id`, `tokenable_type`, `tokenable_id`, `name`, `token`, `abilities`, `last_used_at`, `expires_at`, `created_at`, `updated_at`) VALUES ('129', 'App\\Models\\Utilizador', '11', 'auth-token', '7736ba1a957ff7b2f2af1acf8e344c332afb916ae63c6175349b215a207d1d14', '[\"*\"]', '2025-04-24 22:18:19', NULL, '2025-04-24 22:17:51', '2025-04-24 22:18:19');
INSERT INTO `personal_access_tokens` (`id`, `tokenable_type`, `tokenable_id`, `name`, `token`, `abilities`, `last_used_at`, `expires_at`, `created_at`, `updated_at`) VALUES ('130', 'App\\Models\\Utilizador', '1', 'auth-token', 'a63d8d139e642edca8dbffdaa7c7016245989d5fb384eb0d797991fc0c64b852', '[\"*\"]', '2025-04-24 22:42:39', NULL, '2025-04-24 22:18:33', '2025-04-24 22:42:39');
INSERT INTO `personal_access_tokens` (`id`, `tokenable_type`, `tokenable_id`, `name`, `token`, `abilities`, `last_used_at`, `expires_at`, `created_at`, `updated_at`) VALUES ('131', 'App\\Models\\Utilizador', '2', 'auth-token', 'c6469198db7452e6c9d1422dfc22dce2491c23603f6a56a1adfc575b9fc2d3e4', '[\"*\"]', '2025-04-24 23:22:08', NULL, '2025-04-24 22:42:55', '2025-04-24 23:22:08');
INSERT INTO `personal_access_tokens` (`id`, `tokenable_type`, `tokenable_id`, `name`, `token`, `abilities`, `last_used_at`, `expires_at`, `created_at`, `updated_at`) VALUES ('132', 'App\\Models\\Utilizador', '1', 'auth-token', '9b7085a321803fed3ec65c44811a7f2a9a054f3a0fa18dba96b4bc1c2d7ee298', '[\"*\"]', '2025-04-24 23:22:31', NULL, '2025-04-24 23:22:17', '2025-04-24 23:22:31');
INSERT INTO `personal_access_tokens` (`id`, `tokenable_type`, `tokenable_id`, `name`, `token`, `abilities`, `last_used_at`, `expires_at`, `created_at`, `updated_at`) VALUES ('133', 'App\\Models\\Utilizador', '2', 'auth-token', '08885ec744e3a1c6f21eec4303b99fcdf4f8aa621bd0a9651cb4a4b250c39418', '[\"*\"]', '2025-04-24 23:31:01', NULL, '2025-04-24 23:22:40', '2025-04-24 23:31:01');
INSERT INTO `personal_access_tokens` (`id`, `tokenable_type`, `tokenable_id`, `name`, `token`, `abilities`, `last_used_at`, `expires_at`, `created_at`, `updated_at`) VALUES ('134', 'App\\Models\\Utilizador', '11', 'auth-token', 'a91c1cdfb91784aff42ed25c6e993d5ae3d053c0d99e349d949441f6a16b28b6', '[\"*\"]', '2025-04-25 01:08:56', NULL, '2025-04-24 23:31:12', '2025-04-25 01:08:56');
INSERT INTO `personal_access_tokens` (`id`, `tokenable_type`, `tokenable_id`, `name`, `token`, `abilities`, `last_used_at`, `expires_at`, `created_at`, `updated_at`) VALUES ('135', 'App\\Models\\Utilizador', '11', 'auth-token', 'c5098fa084af48306228f90c472b9e7efab905cff1573289237fbff985743098', '[\"*\"]', '2025-04-25 01:10:37', NULL, '2025-04-25 01:09:15', '2025-04-25 01:10:37');
INSERT INTO `personal_access_tokens` (`id`, `tokenable_type`, `tokenable_id`, `name`, `token`, `abilities`, `last_used_at`, `expires_at`, `created_at`, `updated_at`) VALUES ('136', 'App\\Models\\Utilizador', '11', 'auth-token', '87e5df74e5cb9da4c54e41df5bd950dab366dc56865c16914a0fde3e6e5d5919', '[\"*\"]', '2025-04-25 01:14:22', NULL, '2025-04-25 01:10:52', '2025-04-25 01:14:22');
INSERT INTO `personal_access_tokens` (`id`, `tokenable_type`, `tokenable_id`, `name`, `token`, `abilities`, `last_used_at`, `expires_at`, `created_at`, `updated_at`) VALUES ('137', 'App\\Models\\Utilizador', '1', 'auth-token', '6ad17b80418137c6efbd480c0c5fa6766679afa668f1e455a21a6c9c88fa0e0c', '[\"*\"]', '2025-04-25 01:14:42', NULL, '2025-04-25 01:14:28', '2025-04-25 01:14:42');
INSERT INTO `personal_access_tokens` (`id`, `tokenable_type`, `tokenable_id`, `name`, `token`, `abilities`, `last_used_at`, `expires_at`, `created_at`, `updated_at`) VALUES ('138', 'App\\Models\\Utilizador', '11', 'auth-token', '8d385ba1d30eda476bf81e39ac4bd61f1cfd5db9e7f60099adfea719fed13bb0', '[\"*\"]', '2025-04-25 01:31:39', NULL, '2025-04-25 01:14:51', '2025-04-25 01:31:39');
INSERT INTO `personal_access_tokens` (`id`, `tokenable_type`, `tokenable_id`, `name`, `token`, `abilities`, `last_used_at`, `expires_at`, `created_at`, `updated_at`) VALUES ('139', 'App\\Models\\Utilizador', '1', 'auth-token', '6a299f28090fff73f2e4b21087a7c19513bf9d19e3d55dd63cae3a418049310a', '[\"*\"]', '2025-04-25 01:38:13', NULL, '2025-04-25 01:31:55', '2025-04-25 01:38:13');
INSERT INTO `personal_access_tokens` (`id`, `tokenable_type`, `tokenable_id`, `name`, `token`, `abilities`, `last_used_at`, `expires_at`, `created_at`, `updated_at`) VALUES ('140', 'App\\Models\\Utilizador', '1', 'auth-token', 'ee6b83d5bd89cfc6a652eaf477794ae6b2f44ac848c094351c27ebb1e00be9f1', '[\"*\"]', '2025-04-25 01:43:33', NULL, '2025-04-25 01:39:00', '2025-04-25 01:43:33');
INSERT INTO `personal_access_tokens` (`id`, `tokenable_type`, `tokenable_id`, `name`, `token`, `abilities`, `last_used_at`, `expires_at`, `created_at`, `updated_at`) VALUES ('141', 'App\\Models\\Utilizador', '11', 'auth-token', '9c4f585726f15c6f2b87e71c0182c08e211daef77c96e5b3c4bbd0c8b8fc8bb4', '[\"*\"]', '2025-04-25 12:21:06', NULL, '2025-04-25 12:17:16', '2025-04-25 12:21:06');
INSERT INTO `personal_access_tokens` (`id`, `tokenable_type`, `tokenable_id`, `name`, `token`, `abilities`, `last_used_at`, `expires_at`, `created_at`, `updated_at`) VALUES ('142', 'App\\Models\\Utilizador', '1', 'auth-token', '36bfae5a36d289e56957cb5e8b861e11518890fc86f762fe9cfe1f6e83cf545d', '[\"*\"]', '2025-04-25 12:22:30', NULL, '2025-04-25 12:21:22', '2025-04-25 12:22:30');
INSERT INTO `personal_access_tokens` (`id`, `tokenable_type`, `tokenable_id`, `name`, `token`, `abilities`, `last_used_at`, `expires_at`, `created_at`, `updated_at`) VALUES ('143', 'App\\Models\\Utilizador', '11', 'auth-token', '1c80ae09a9103a8dcae36767d9b07f3eb5f58c89436e49170e9e85b389647e3b', '[\"*\"]', '2025-04-25 12:23:55', NULL, '2025-04-25 12:22:50', '2025-04-25 12:23:55');
INSERT INTO `personal_access_tokens` (`id`, `tokenable_type`, `tokenable_id`, `name`, `token`, `abilities`, `last_used_at`, `expires_at`, `created_at`, `updated_at`) VALUES ('144', 'App\\Models\\Utilizador', '1', 'auth-token', '443cec36db8af5a4a76c7a33e8da02cc4b980ae90576385a4aa87a941d1cbc23', '[\"*\"]', '2025-04-25 12:30:56', NULL, '2025-04-25 12:24:32', '2025-04-25 12:30:56');
INSERT INTO `personal_access_tokens` (`id`, `tokenable_type`, `tokenable_id`, `name`, `token`, `abilities`, `last_used_at`, `expires_at`, `created_at`, `updated_at`) VALUES ('145', 'App\\Models\\Utilizador', '1', 'auth-token', '7074cd61eebcdcb539b7827f5f59b98420623a0f6c893f2e666d22d7a0d6eb74', '[\"*\"]', '2025-04-25 12:42:01', NULL, '2025-04-25 12:31:00', '2025-04-25 12:42:01');
INSERT INTO `personal_access_tokens` (`id`, `tokenable_type`, `tokenable_id`, `name`, `token`, `abilities`, `last_used_at`, `expires_at`, `created_at`, `updated_at`) VALUES ('146', 'App\\Models\\Utilizador', '11', 'auth-token', '46fc75e168f23e63488ab249b795ebb7b106b9ad4d793a81c6051048f2644546', '[\"*\"]', '2025-04-25 12:42:51', NULL, '2025-04-25 12:42:16', '2025-04-25 12:42:51');
INSERT INTO `personal_access_tokens` (`id`, `tokenable_type`, `tokenable_id`, `name`, `token`, `abilities`, `last_used_at`, `expires_at`, `created_at`, `updated_at`) VALUES ('147', 'App\\Models\\Utilizador', '1', 'auth-token', 'bcec25d5cac17bcbf2fc8c590688a71b12bdc879cad41c91491ba9ac9f886b56', '[\"*\"]', '2025-04-25 12:46:54', NULL, '2025-04-25 12:42:59', '2025-04-25 12:46:54');
INSERT INTO `personal_access_tokens` (`id`, `tokenable_type`, `tokenable_id`, `name`, `token`, `abilities`, `last_used_at`, `expires_at`, `created_at`, `updated_at`) VALUES ('148', 'App\\Models\\Utilizador', '11', 'auth-token', 'e6fe2cfb81ff7fe3ad03e5b609554f7fdb1e8950877cc2472f654e033b5f9707', '[\"*\"]', '2025-04-25 14:06:42', NULL, '2025-04-25 12:47:20', '2025-04-25 14:06:42');
INSERT INTO `personal_access_tokens` (`id`, `tokenable_type`, `tokenable_id`, `name`, `token`, `abilities`, `last_used_at`, `expires_at`, `created_at`, `updated_at`) VALUES ('149', 'App\\Models\\Utilizador', '11', 'auth-token', '31e94ea950e3eca9b7c33ff3435b7de68f9b16c0e31778deb63500dc075c5a57', '[\"*\"]', '2025-04-25 14:07:15', NULL, '2025-04-25 14:07:08', '2025-04-25 14:07:15');

-- Dados da tabela `reclamacao`
TRUNCATE TABLE `reclamacao`;
INSERT INTO `reclamacao` (`ID_Reclamacao`, `Descricao`, `DataReclamacao`, `AprovacaoID_aprovacao`, `Status_ReclamacaoID_Status_Reclamacao`) VALUES ('3', 'nao conforme', '2025-04-19 14:29:51', '54', '1');

-- Dados da tabela `referenciatipo`
TRUNCATE TABLE `referenciatipo`;
INSERT INTO `referenciatipo` (`ID_ReferenciaTipo`, `Descricao`) VALUES ('1', 'Utilizador');
INSERT INTO `referenciatipo` (`ID_ReferenciaTipo`, `Descricao`) VALUES ('2', 'Mensagem');
INSERT INTO `referenciatipo` (`ID_ReferenciaTipo`, `Descricao`) VALUES ('4', 'Anuncio');
INSERT INTO `referenciatipo` (`ID_ReferenciaTipo`, `Descricao`) VALUES ('5', 'Avaliacao');
INSERT INTO `referenciatipo` (`ID_ReferenciaTipo`, `Descricao`) VALUES ('6', 'Compra');
INSERT INTO `referenciatipo` (`ID_ReferenciaTipo`, `Descricao`) VALUES ('7', 'Troca');
INSERT INTO `referenciatipo` (`ID_ReferenciaTipo`, `Descricao`) VALUES ('8', 'Reclamacao');

-- Dados da tabela `sessions`
TRUNCATE TABLE `sessions`;
INSERT INTO `sessions` (`id`, `user_id`, `ip_address`, `user_agent`, `payload`, `last_activity`) VALUES ('7gswsucQ0opzgkzANlKZarKn15QWlCaTKpQwweCQ', NULL, '::1', 'Mozilla/5.0 (Windows NT 10.0; Win64; x64) AppleWebKit/537.36 (KHTML, like Gecko) Windsurf/1.97.0 Chrome/128.0.6613.186 Electron/32.2.7 Safari/537.36', 'YTozOntzOjY6Il90b2tlbiI7czo0MDoidFNBMTJZcG1sVXk5N2Q0ejJ3amR1UFdjRktxbExvMjJyS0NUakRHaSI7czo5OiJfcHJldmlvdXMiO2E6MTp7czozOiJ1cmwiO3M6NTU6Imh0dHA6Ly9sb2NhbGhvc3Q6ODAwMC8/dnNjb2RlQnJvd3NlclJlcUlkPTE3NDQzMTUwNTgxMzciO31zOjY6Il9mbGFzaCI7YToyOntzOjM6Im9sZCI7YTowOnt9czozOiJuZXciO2E6MDp7fX19', '1744315069');
INSERT INTO `sessions` (`id`, `user_id`, `ip_address`, `user_agent`, `payload`, `last_activity`) VALUES ('9eixJiXaXF6RApTne3yFYvKE0CxhiyAsi5P3DFbf', NULL, '::1', 'Mozilla/5.0 (Windows NT 10.0; Win64; x64) AppleWebKit/537.36 (KHTML, like Gecko) Windsurf/1.97.0 Chrome/128.0.6613.186 Electron/32.2.7 Safari/537.36', 'YTozOntzOjY6Il90b2tlbiI7czo0MDoiV1F6T0k5cWI3UHNpYzFGWWZhbzdBTXJmUG91ejRNenN5dGV6QnlJcSI7czo5OiJfcHJldmlvdXMiO2E6MTp7czozOiJ1cmwiO3M6NTU6Imh0dHA6Ly9sb2NhbGhvc3Q6ODAwMC8/dnNjb2RlQnJvd3NlclJlcUlkPTE3NDQzMTU1NDAxMDYiO31zOjY6Il9mbGFzaCI7YToyOntzOjM6Im9sZCI7YTowOnt9czozOiJuZXciO2E6MDp7fX19', '1744315547');
INSERT INTO `sessions` (`id`, `user_id`, `ip_address`, `user_agent`, `payload`, `last_activity`) VALUES ('SMd3en6bjCleb8eUI5L1hsQJEka0NX5UhlKJcxUa', NULL, '::1', 'Mozilla/5.0 (Windows NT 10.0; Win64; x64) AppleWebKit/537.36 (KHTML, like Gecko) Windsurf/1.97.0 Chrome/128.0.6613.186 Electron/32.2.7 Safari/537.36', 'YTozOntzOjY6Il90b2tlbiI7czo0MDoiMnJqdWF5M1VXOWNiQ0gzYjd6aGE3WHlLNTNKV21uSEp2TkdvYnZyMCI7czo5OiJfcHJldmlvdXMiO2E6MTp7czozOiJ1cmwiO3M6NTU6Imh0dHA6Ly9sb2NhbGhvc3Q6ODAwMC8/dnNjb2RlQnJvd3NlclJlcUlkPTE3NDQzMTUzMTY0NjEiO31zOjY6Il9mbGFzaCI7YToyOntzOjM6Im9sZCI7YTowOnt9czozOiJuZXciO2E6MDp7fX19', '1744315317');

-- Dados da tabela `status_anuncio`
TRUNCATE TABLE `status_anuncio`;
INSERT INTO `status_anuncio` (`ID_Status_Anuncio`, `Descricao_status_anuncio`) VALUES ('1', 'Ativo');
INSERT INTO `status_anuncio` (`ID_Status_Anuncio`, `Descricao_status_anuncio`) VALUES ('2', 'Inativo');
INSERT INTO `status_anuncio` (`ID_Status_Anuncio`, `Descricao_status_anuncio`) VALUES ('3', 'Vendido');
INSERT INTO `status_anuncio` (`ID_Status_Anuncio`, `Descricao_status_anuncio`) VALUES ('4', 'Pendente');
INSERT INTO `status_anuncio` (`ID_Status_Anuncio`, `Descricao_status_anuncio`) VALUES ('7', 'Rejeitado');

-- Dados da tabela `status_aprovacao`
TRUNCATE TABLE `status_aprovacao`;
INSERT INTO `status_aprovacao` (`ID_Status_Aprovacao`, `Descricao_Status_aprovacao`) VALUES ('1', 'Pendente');
INSERT INTO `status_aprovacao` (`ID_Status_Aprovacao`, `Descricao_Status_aprovacao`) VALUES ('2', 'Aprovado');
INSERT INTO `status_aprovacao` (`ID_Status_Aprovacao`, `Descricao_Status_aprovacao`) VALUES ('3', 'Rejeitado');

-- Dados da tabela `status_mensagem`
TRUNCATE TABLE `status_mensagem`;
INSERT INTO `status_mensagem` (`ID_Status_Mensagem`, `Descricao_status_mensagem`) VALUES ('1', 'Não Lida');
INSERT INTO `status_mensagem` (`ID_Status_Mensagem`, `Descricao_status_mensagem`) VALUES ('2', 'Lida');
INSERT INTO `status_mensagem` (`ID_Status_Mensagem`, `Descricao_status_mensagem`) VALUES ('3', 'Enviada');
INSERT INTO `status_mensagem` (`ID_Status_Mensagem`, `Descricao_status_mensagem`) VALUES ('5', 'Arquivada');

-- Dados da tabela `status_reclamacao`
TRUNCATE TABLE `status_reclamacao`;
INSERT INTO `status_reclamacao` (`ID_Status_Reclamacao`, `Descricao_status_reclamacao`) VALUES ('1', 'Pendente');
INSERT INTO `status_reclamacao` (`ID_Status_Reclamacao`, `Descricao_status_reclamacao`) VALUES ('3', 'Resolvida');
INSERT INTO `status_reclamacao` (`ID_Status_Reclamacao`, `Descricao_status_reclamacao`) VALUES ('4', 'Rejeitada');
INSERT INTO `status_reclamacao` (`ID_Status_Reclamacao`, `Descricao_status_reclamacao`) VALUES ('5', 'Recebida');

-- Dados da tabela `status_troca`
TRUNCATE TABLE `status_troca`;
INSERT INTO `status_troca` (`ID_Status_Troca`, `Descricao_status_troca`) VALUES ('1', 'Pendente');
INSERT INTO `status_troca` (`ID_Status_Troca`, `Descricao_status_troca`) VALUES ('2', 'Aceita');
INSERT INTO `status_troca` (`ID_Status_Troca`, `Descricao_status_troca`) VALUES ('3', 'Rejeitada');
INSERT INTO `status_troca` (`ID_Status_Troca`, `Descricao_status_troca`) VALUES ('4', 'Cancelada');
INSERT INTO `status_troca` (`ID_Status_Troca`, `Descricao_status_troca`) VALUES ('5', 'Solicitada');
INSERT INTO `status_troca` (`ID_Status_Troca`, `Descricao_status_troca`) VALUES ('7', 'Recusada');
INSERT INTO `status_troca` (`ID_Status_Troca`, `Descricao_status_troca`) VALUES ('8', 'Concluída');

-- Dados da tabela `status_utilizador`
TRUNCATE TABLE `status_utilizador`;
INSERT INTO `status_utilizador` (`ID_status_utilizador`, `Descricao_status_utilizador`) VALUES ('1', 'Pendente');
INSERT INTO `status_utilizador` (`ID_status_utilizador`, `Descricao_status_utilizador`) VALUES ('2', 'Ativo');
INSERT INTO `status_utilizador` (`ID_status_utilizador`, `Descricao_status_utilizador`) VALUES ('3', 'Inativo');
INSERT INTO `status_utilizador` (`ID_status_utilizador`, `Descricao_status_utilizador`) VALUES ('4', 'Bloqueado');
INSERT INTO `status_utilizador` (`ID_status_utilizador`, `Descricao_status_utilizador`) VALUES ('5', 'Banido');
INSERT INTO `status_utilizador` (`ID_status_utilizador`, `Descricao_status_utilizador`) VALUES ('8', 'Rejeitado');

-- Dados da tabela `tipo_item`
TRUNCATE TABLE `tipo_item`;
INSERT INTO `tipo_item` (`ID_Tipo`, `Descricao_TipoItem`) VALUES ('1', 'Produto');
INSERT INTO `tipo_item` (`ID_Tipo`, `Descricao_TipoItem`) VALUES ('2', 'Serviço');
INSERT INTO `tipo_item` (`ID_Tipo`, `Descricao_TipoItem`) VALUES ('3', 'Doação');

-- Dados da tabela `tipo_notificacao`
TRUNCATE TABLE `tipo_notificacao`;
INSERT INTO `tipo_notificacao` (`ID_TipoNotificacao`, `Descricao`) VALUES ('1', 'Redefinição de Senha');
INSERT INTO `tipo_notificacao` (`ID_TipoNotificacao`, `Descricao`) VALUES ('4', 'Registo de Utilizador');
INSERT INTO `tipo_notificacao` (`ID_TipoNotificacao`, `Descricao`) VALUES ('5', 'Mensagem');
INSERT INTO `tipo_notificacao` (`ID_TipoNotificacao`, `Descricao`) VALUES ('6', 'Redefinição de Senha');
INSERT INTO `tipo_notificacao` (`ID_TipoNotificacao`, `Descricao`) VALUES ('7', 'Avaliação');
INSERT INTO `tipo_notificacao` (`ID_TipoNotificacao`, `Descricao`) VALUES ('8', 'Compra');
INSERT INTO `tipo_notificacao` (`ID_TipoNotificacao`, `Descricao`) VALUES ('9', 'Troca');
INSERT INTO `tipo_notificacao` (`ID_TipoNotificacao`, `Descricao`) VALUES ('10', 'Anúncio Pendente');
INSERT INTO `tipo_notificacao` (`ID_TipoNotificacao`, `Descricao`) VALUES ('11', 'Anúncio Aprovado');
INSERT INTO `tipo_notificacao` (`ID_TipoNotificacao`, `Descricao`) VALUES ('12', 'Anúncio Rejeitado');
INSERT INTO `tipo_notificacao` (`ID_TipoNotificacao`, `Descricao`) VALUES ('13', 'Promoção');

-- Dados da tabela `tipouser`
TRUNCATE TABLE `tipouser`;
INSERT INTO `tipouser` (`ID_TipoUser`, `Descrição_TipoUtilizador`) VALUES ('1', 'Administrador');
INSERT INTO `tipouser` (`ID_TipoUser`, `Descrição_TipoUtilizador`) VALUES ('2', 'Utilizador Normal');

-- Dados da tabela `utilizador`
TRUNCATE TABLE `utilizador`;
INSERT INTO `utilizador` (`ID_User`, `User_Name`, `Name`, `Data_Nascimento`, `Password`, `CC`, `Email`, `MoradaID_Morada`, `AprovacaoID_aprovacao`, `cartaoID_Cartao`, `TipoUserID_TipoUser`, `ImagemID_Imagem`, `Status_UtilizadorID_status_utilizador`) VALUES ('1', 'admin', 'Administrador', '1990-01-01', '$2y$10$92IXUNpkjO0rOQ5byMi.Ye4oKoEa3Ro9llC/.og/at2.uheWG/igi', '12345678', 'admin@example.com', '1', '1', NULL, '1', '1', '2');
INSERT INTO `utilizador` (`ID_User`, `User_Name`, `Name`, `Data_Nascimento`, `Password`, `CC`, `Email`, `MoradaID_Morada`, `AprovacaoID_aprovacao`, `cartaoID_Cartao`, `TipoUserID_TipoUser`, `ImagemID_Imagem`, `Status_UtilizadorID_status_utilizador`) VALUES ('2', 'user', 'Usuário Normal', '1995-05-05', '$2y$10$92IXUNpkjO0rOQ5byMi.Ye4oKoEa3Ro9llC/.og/at2.uheWG/igi', '87654321', 'user@example.com', '2', '2', NULL, '2', '1', '2');
INSERT INTO `utilizador` (`ID_User`, `User_Name`, `Name`, `Data_Nascimento`, `Password`, `CC`, `Email`, `MoradaID_Morada`, `AprovacaoID_aprovacao`, `cartaoID_Cartao`, `TipoUserID_TipoUser`, `ImagemID_Imagem`, `Status_UtilizadorID_status_utilizador`) VALUES ('3', 'VitorLeite', 'Vitor', '1999-10-01', '$2y$12$F4RUEOD4RAh4lRjvvhe2GeTHn9Jbfrit29D9nNb4jhDopLOE22heG', '212233333', 'vitor@example.com', '15', '22', '5', '2', '4', '2');
INSERT INTO `utilizador` (`ID_User`, `User_Name`, `Name`, `Data_Nascimento`, `Password`, `CC`, `Email`, `MoradaID_Morada`, `AprovacaoID_aprovacao`, `cartaoID_Cartao`, `TipoUserID_TipoUser`, `ImagemID_Imagem`, `Status_UtilizadorID_status_utilizador`) VALUES ('4', 'JoanaBabe', 'Joana', '2001-05-29', '$2y$12$qkiovJb2MBGnrlWBPTMti.eiRRZShJwzfuQYUW6roQMbqoSAmZogq', '45345346', 'joana@example.com', '1', '24', NULL, '2', '5', '8');
INSERT INTO `utilizador` (`ID_User`, `User_Name`, `Name`, `Data_Nascimento`, `Password`, `CC`, `Email`, `MoradaID_Morada`, `AprovacaoID_aprovacao`, `cartaoID_Cartao`, `TipoUserID_TipoUser`, `ImagemID_Imagem`, `Status_UtilizadorID_status_utilizador`) VALUES ('5', 'vilastheboy', 'Vilas', '2003-01-07', '$2y$12$O6s6K9ioXISMkN127QNJUeJra1MDyYT4ZW8kBnO9AEb36WnyNKloe', '34354363', 'vilas@example.com', '3', '51', NULL, '2', '6', '8');
INSERT INTO `utilizador` (`ID_User`, `User_Name`, `Name`, `Data_Nascimento`, `Password`, `CC`, `Email`, `MoradaID_Morada`, `AprovacaoID_aprovacao`, `cartaoID_Cartao`, `TipoUserID_TipoUser`, `ImagemID_Imagem`, `Status_UtilizadorID_status_utilizador`) VALUES ('6', 'jose pereira', 'jose', '2007-07-18', '$2y$12$tqYSBQcJPGuGk5IT4SHRPOAxQJhh9UwWd5Dm8q/hcKgZmH7DjbXDq', '10203040', 'pereira@email.com', '20', '66', NULL, '2', '18', '8');
INSERT INTO `utilizador` (`ID_User`, `User_Name`, `Name`, `Data_Nascimento`, `Password`, `CC`, `Email`, `MoradaID_Morada`, `AprovacaoID_aprovacao`, `cartaoID_Cartao`, `TipoUserID_TipoUser`, `ImagemID_Imagem`, `Status_UtilizadorID_status_utilizador`) VALUES ('7', 'arturmatos', 'artur', '2004-02-10', '$2y$12$tGCqhR98ur1km84p0pgJ0.bTpvG1WHjSq0A5OuS.jiKSIeFW7vAJu', '20304050', 'amatos@email.com', '30', '50', NULL, '2', '19', '2');
INSERT INTO `utilizador` (`ID_User`, `User_Name`, `Name`, `Data_Nascimento`, `Password`, `CC`, `Email`, `MoradaID_Morada`, `AprovacaoID_aprovacao`, `cartaoID_Cartao`, `TipoUserID_TipoUser`, `ImagemID_Imagem`, `Status_UtilizadorID_status_utilizador`) VALUES ('11', 'vm', 'VM', '2000-02-14', '$2y$12$ZFV33XTrhxlKMMrHsrWTVOCjq8popp92LT32KRR5/iHSeYEMCXLEO', '123123123', 'vm@ipca.pt', '7', '58', '7', '2', '23', '2');
INSERT INTO `utilizador` (`ID_User`, `User_Name`, `Name`, `Data_Nascimento`, `Password`, `CC`, `Email`, `MoradaID_Morada`, `AprovacaoID_aprovacao`, `cartaoID_Cartao`, `TipoUserID_TipoUser`, `ImagemID_Imagem`, `Status_UtilizadorID_status_utilizador`) VALUES ('12', 'Bug', 'Bug', '1996-02-18', '$2y$12$96H1JUJrm3rhV630RXiFU.2jdn1Jkn5etVM4BC/cC7JQRZ0csW6Oy', '123123123', 'bug@ipca.pt', '6', '59', NULL, '2', '24', '2');

SET FOREIGN_KEY_CHECKS=1;
